cohort,arm,taxon,tier,injected,recovered,attributed,p_comb,p_det,p_int,prev
ibdmdb,intensity,EscherichiaShigella,0,int,False,det,0.3695,0.2553,0.6035,0.972
ibdmdb,intensity,Fusobacterium,0,int,False,int,0.3211,0.693,0.15,0.657
ibdmdb,intensity,Veillonella,0,int,False,det,0.1006,0.0853,0.1142,0.854
ibdmdb,intensity,LachnospiraceaeNK4A136group,0,int,False,int,0.1483,0.4663,0.0798,0.685
ibdmdb,intensity,Bilophila,0,int,False,int,0.0339,0.1984,0.0184,0.624
ibdmdb,intensity,Clostridiumsensustricto1,1,int,False,det,0.3281,0.2512,0.4478,0.404
ibdmdb,intensity,Akkermansia,1,int,False,det,0.0379,0.0185,0.6655,0.438
ibdmdb,intensity,Collinsella,1,int,False,int,0.0097,0.5176,0.005,0.562
ibdmdb,intensity,RuminococcaceaeUCG004,1,int,False,int,0.0087,0.0758,0.0045,0.393
ibdmdb,intensity,Eubacteriumventriosumgroup,1,int,False,det,0.021,0.0178,0.028,0.376
ibdmdb,intensity,Peptostreptococcus,2,int,False,det,0.382,0.346,0.5732,0.208
ibdmdb,intensity,Parvimonas,2,int,False,int,0.9385,0.9685,0.3642,0.23
ibdmdb,intensity,Ruminococcus2,2,int,False,det,0.0623,0.045,0.118,0.348
ibdmdb,intensity,Prevotella9,2,int,False,int,0.5764,0.7373,0.3551,0.225
ibdmdb,intensity,Barnesiella,2,int,False,det,0.9716,0.944,0.981,0.247
ibdmdb,presence,EscherichiaShigella,0,det,True,det,0.0002,0.0001,0.2628,0.972
ibdmdb,presence,Fusobacterium,0,det,True,det,0.0001,0.0001,0.2502,0.657
ibdmdb,presence,Veillonella,0,det,True,det,0.0001,0.0001,0.1318,0.854
ibdmdb,presence,LachnospiraceaeNK4A136group,0,det,True,det,0.0002,0.0001,0.1725,0.685
ibdmdb,presence,Bilophila,0,det,True,det,0.0001,0.0001,0.1463,0.624
ibdmdb,presence,Clostridiumsensustricto1,1,det,True,det,0.0043,0.0022,0.4779,0.404
ibdmdb,presence,Akkermansia,1,det,True,det,0.0003,0.0002,0.3326,0.438
ibdmdb,presence,Collinsella,1,det,True,det,0.0001,0.0001,0.4185,0.562
ibdmdb,presence,RuminococcaceaeUCG004,1,det,True,det,0.0001,0.0001,0.048,0.393
ibdmdb,presence,Eubacteriumventriosumgroup,1,det,True,det,0.0001,0.0001,0.3924,0.376
ibdmdb,presence,Peptostreptococcus,2,det,False,int,0.3141,0.3637,0.3109,0.208
ibdmdb,presence,Parvimonas,2,det,False,det,0.0506,0.0289,0.242,0.23
ibdmdb,presence,Ruminococcus2,2,det,True,det,0.0001,0.0001,0.3879,0.348
ibdmdb,presence,Prevotella9,2,det,False,det,0.1155,0.0629,0.4336,0.225
ibdmdb,presence,Barnesiella,2,det,False,int,0.0173,0.1101,0.0096,0.247
mbqc,intensity,Lactobacillus,0,int,False,det,0.8523,0.0409,0.9731,0.671
mbqc,intensity,unclassified_Rikenellaceae,0,int,True,int,0.0001,0.0001,0.0001,0.897
mbqc,intensity,unclassified_Erysipelotrichaceae,0,int,True,int,0.002,0.5405,0.001,0.919
mbqc,intensity,Faecalibacterium,0,int,True,int,0.0001,0.23,0.0001,0.921
mbqc,intensity,Streptococcus,0,int,False,int,0.0218,0.6622,0.0109,0.876
mbqc,intensity,Desulfovibrio,1,int,True,int,0.0002,0.2529,0.0001,0.321
mbqc,intensity,unclassified_Peptococcaceae,1,int,True,int,0.0031,0.0141,0.0017,0.403
mbqc,intensity,unclassified_[Mogibacteriaceae],1,int,True,int,0.0001,0.852,0.0001,0.549
mbqc,intensity,Pseudomonas,1,int,False,det,0.8227,0.2675,0.9222,0.436
mbqc,intensity,Eikenella,1,int,False,det,0.0326,0.0149,0.8886,0.306
mbqc,intensity,Paenibacillus,2,int,True,det,0.0165,0.008,0.7292,0.283
mbqc,intensity,Corynebacterium,2,int,False,int,0.087,0.2089,0.0535,0.244
mbqc,intensity,unclassified_Comamonadaceae,2,int,False,det,0.6049,0.5461,0.657,0.129
mbqc,intensity,Finegoldia,2,int,False,int,0.3922,0.8272,0.1407,0.153
mbqc,intensity,Lactococcus,2,int,False,det,0.6601,0.4991,0.7642,0.281
mbqc,presence,Lactobacillus,0,det,True,det,0.0002,0.0001,0.6255,0.671
mbqc,presence,unclassified_Rikenellaceae,0,det,True,det,0.0002,0.0001,0.1339,0.897
mbqc,presence,unclassified_Erysipelotrichaceae,0,det,True,det,0.0002,0.0001,0.6988,0.919
mbqc,presence,Faecalibacterium,0,det,True,det,0.0001,0.0001,0.8569,0.921
mbqc,presence,Streptococcus,0,det,True,det,0.0001,0.0001,0.3034,0.876
mbqc,presence,Desulfovibrio,1,det,True,det,0.0001,0.0001,0.0964,0.321
mbqc,presence,unclassified_Peptococcaceae,1,det,True,det,0.0002,0.0001,0.5098,0.403
mbqc,presence,unclassified_[Mogibacteriaceae],1,det,True,det,0.0001,0.0001,0.1636,0.549
mbqc,presence,Pseudomonas,1,det,True,det,0.0002,0.0001,0.8296,0.436
mbqc,presence,Eikenella,1,det,True,det,0.0032,0.0016,0.7234,0.306
mbqc,presence,Paenibacillus,2,det,True,det,0.0002,0.0001,0.4508,0.283
mbqc,presence,Corynebacterium,2,det,True,det,0.0001,0.0001,0.0177,0.244
mbqc,presence,unclassified_Comamonadaceae,2,det,False,det,0.1149,0.0519,0.7242,0.129
mbqc,presence,Finegoldia,2,det,True,det,0.0052,0.0026,0.9001,0.153
mbqc,presence,Lactococcus,2,det,True,det,0.0002,0.0001,0.6433,0.281
agp,intensity,Streptococcus,0,int,True,int,0.0002,0.8002,0.0001,0.809
agp,intensity,Anaerostipes,0,int,True,int,0.0001,0.097,0.0001,0.689
agp,intensity,Odoribacter,0,int,True,int,0.0002,0.1278,0.0001,0.647
agp,intensity,Blautia,0,int,True,int,0.0001,0.2228,0.0001,0.984
agp,intensity,unclassified_unknown,0,int,False,int,0.04,0.1689,0.0231,0.98
agp,intensity,Eggerthella,1,int,True,int,0.0001,0.2728,0.0001,0.3
agp,intensity,Turicibacter,1,int,False,int,0.048,0.8585,0.021,0.41
agp,intensity,Lachnobacterium,1,int,True,det,0.0007,0.0005,0.0011,0.27
agp,intensity,Anaerofilum,1,int,True,int,0.0094,0.2091,0.0047,0.201
agp,intensity,Butyricimonas,1,int,True,int,0.0001,0.0007,0.0001,0.464
agp,intensity,Christensenella,2,int,False,det,0.0169,0.1583,0.0128,0.067
agp,intensity,Fusobacterium,2,int,False,int,0.51,0.6672,0.3477,0.157
agp,intensity,Megamonas,2,int,False,det,0.6679,0.5996,0.7312,0.061
agp,intensity,Mogibacterium,2,int,True,int,0.0023,0.6743,0.0012,0.079
agp,intensity,Comamonas,2,int,False,det,0.5876,0.389,0.739,0.113
agp,presence,Streptococcus,0,det,True,det,0.0001,0.0001,0.0001,0.809
agp,presence,Anaerostipes,0,det,True,det,0.0002,0.0001,0.8882,0.689
agp,presence,Odoribacter,0,det,True,det,0.0001,0.0001,0.4474,0.647
agp,presence,Blautia,0,det,True,det,0.0001,0.0001,0.2106,0.984
agp,presence,unclassified_unknown,0,det,True,det,0.0001,0.0001,0.0075,0.98
agp,presence,Eggerthella,1,det,True,det,0.0028,0.0014,0.6825,0.3
agp,presence,Turicibacter,1,det,True,det,0.0002,0.0001,0.3028,0.41
agp,presence,Lachnobacterium,1,det,True,det,0.0002,0.0001,0.9866,0.27
agp,presence,Anaerofilum,1,det,True,det,0.0014,0.0007,0.7132,0.201
agp,presence,Butyricimonas,1,det,True,det,0.0001,0.0001,0.3068,0.464
agp,presence,Christensenella,2,det,True,det,0.0081,0.0087,0.0128,0.067
agp,presence,Fusobacterium,2,det,True,det,0.0015,0.0008,0.9512,0.157
agp,presence,Megamonas,2,det,False,det,0.5547,0.1718,0.8431,0.061
agp,presence,Mogibacterium,2,det,True,det,0.0013,0.0007,0.8823,0.079
agp,presence,Comamonas,2,det,False,det,0.203,0.1136,0.4841,0.113
