cell,rep,method,arm,weight,secs,nfail,nrej,fdp,tpr,tprP,typeI,replica_corr
2001,0,twochannel,A1,none,48.0,0,12,0.16666666666666666,1.0,1.0,0.03333333333333333,
2001,0,twochannel,A2,Wdet,,0,11,0.09090909090909091,1.0,1.0,,
2001,0,twochannel,A2,Winfo,,0,11,0.09090909090909091,1.0,1.0,,
2001,0,wilcoxon,A0,none,0.1,0,9,0.0,0.9,0.9,0.022222222222222223,
2001,0,wilcoxon,A1,none,,0,9,0.0,0.9,0.9,0.022222222222222223,
2001,0,wilcoxon,A2,Wdet,,0,9,0.0,0.9,0.9,,
2001,0,wilcoxon,A2,Winfo,,0,10,0.0,1.0,1.0,,
2001,0,linda,A0,none,2.7,0,10,0.0,1.0,1.0,0.0,0.9986224671745949
2001,0,linda,A1,none,,0,10,0.0,1.0,1.0,0.022222222222222223,
2001,0,linda,A2,Wdet,,0,10,0.0,1.0,1.0,,
2001,0,linda,A2,Winfo,,0,10,0.0,1.0,1.0,,
2001,0,zinq,A0,none,4.3,3,10,0.0,1.0,1.0,0.0,
2001,0,zinq,A2,Wdet,,3,10,0.0,1.0,1.0,,
2001,0,zinq,A2,Winfo,,3,10,0.0,1.0,1.0,,
2001,0,locom,A1n,none,74.2,56,5,0.0,0.5,0.5,0.02857142857142857,
2001,0,locom,A2,Wdet,,56,5,0.0,0.5,0.5,,
2001,0,locom,A2,Winfo,,56,6,0.0,0.6,0.6,,
2001,1,twochannel,A1,none,48.5,0,11,0.09090909090909091,1.0,1.0,0.022222222222222223,
2001,1,twochannel,A2,Wdet,,0,11,0.09090909090909091,1.0,1.0,,
2001,1,twochannel,A2,Winfo,,0,11,0.09090909090909091,1.0,1.0,,
2001,1,wilcoxon,A0,none,0.0,0,10,0.0,1.0,1.0,0.05555555555555555,
2001,1,wilcoxon,A1,none,,0,10,0.0,1.0,1.0,0.044444444444444446,
2001,1,wilcoxon,A2,Wdet,,0,10,0.0,1.0,1.0,,
2001,1,wilcoxon,A2,Winfo,,0,10,0.0,1.0,1.0,,
2001,1,linda,A0,none,3.7,0,10,0.0,1.0,1.0,0.022222222222222223,0.998997156021191
2001,1,linda,A1,none,,0,10,0.0,1.0,1.0,0.03333333333333333,
2001,1,linda,A2,Wdet,,0,10,0.0,1.0,1.0,,
2001,1,linda,A2,Winfo,,0,10,0.0,1.0,1.0,,
2001,1,zinq,A0,none,4.5,0,10,0.0,1.0,1.0,0.022222222222222223,
2001,1,zinq,A2,Wdet,,0,10,0.0,1.0,1.0,,
2001,1,zinq,A2,Winfo,,0,10,0.0,1.0,1.0,,
2001,1,locom,A1n,none,50.8,62,8,0.125,0.7,0.7,0.07142857142857142,
2001,1,locom,A2,Wdet,,62,8,0.125,0.7,0.7,,
2001,1,locom,A2,Winfo,,62,8,0.125,0.7,0.7,,
2001,2,twochannel,A1,none,46.5,0,10,0.0,1.0,1.0,0.06666666666666667,
2001,2,twochannel,A2,Wdet,,0,10,0.0,1.0,1.0,,
2001,2,twochannel,A2,Winfo,,0,10,0.0,1.0,1.0,,
2001,2,wilcoxon,A0,none,0.0,0,11,0.09090909090909091,1.0,1.0,0.06666666666666667,
2001,2,wilcoxon,A1,none,,0,10,0.0,1.0,1.0,0.08888888888888889,
2001,2,wilcoxon,A2,Wdet,,0,10,0.0,1.0,1.0,,
2001,2,wilcoxon,A2,Winfo,,0,10,0.0,1.0,1.0,,
2001,2,linda,A0,none,2.2,0,10,0.0,1.0,1.0,0.05555555555555555,0.9993013358627191
2001,2,linda,A1,none,,0,10,0.0,1.0,1.0,0.07777777777777778,
2001,2,linda,A2,Wdet,,0,10,0.0,1.0,1.0,,
2001,2,linda,A2,Winfo,,0,10,0.0,1.0,1.0,,
2001,2,zinq,A0,none,4.9,1,11,0.09090909090909091,1.0,1.0,0.06741573033707865,
2001,2,zinq,A2,Wdet,,1,10,0.0,1.0,1.0,,
2001,2,zinq,A2,Winfo,,1,11,0.09090909090909091,1.0,1.0,,
2001,2,locom,A1n,none,32.1,59,10,0.0,1.0,1.0,0.06451612903225806,
2001,2,locom,A2,Wdet,,59,10,0.0,1.0,1.0,,
2001,2,locom,A2,Winfo,,59,10,0.0,1.0,1.0,,
2001,3,twochannel,A1,none,55.6,0,11,0.09090909090909091,1.0,1.0,0.03333333333333333,
2001,3,twochannel,A2,Wdet,,0,10,0.0,1.0,1.0,,
2001,3,twochannel,A2,Winfo,,0,10,0.0,1.0,1.0,,
2001,3,wilcoxon,A0,none,0.1,0,9,0.0,0.9,0.9,0.06666666666666667,
2001,3,wilcoxon,A1,none,,0,9,0.0,0.9,0.9,0.07777777777777778,
2001,3,wilcoxon,A2,Wdet,,0,9,0.0,0.9,0.9,,
2001,3,wilcoxon,A2,Winfo,,0,10,0.1,0.9,0.9,,
2001,3,linda,A0,none,3.4,0,11,0.09090909090909091,1.0,1.0,0.044444444444444446,0.9984901954606701
2001,3,linda,A1,none,,0,12,0.16666666666666666,1.0,1.0,0.07777777777777778,
2001,3,linda,A2,Wdet,,0,11,0.09090909090909091,1.0,1.0,,
2001,3,linda,A2,Winfo,,0,10,0.0,1.0,1.0,,
2001,3,zinq,A0,none,5.4,3,14,0.2857142857142857,1.0,1.0,0.11494252873563218,
2001,3,zinq,A2,Wdet,,3,14,0.2857142857142857,1.0,1.0,,
2001,3,zinq,A2,Winfo,,3,14,0.2857142857142857,1.0,1.0,,
2001,3,locom,A1n,none,45.7,59,6,0.0,0.6,0.6,0.0967741935483871,
2001,3,locom,A2,Wdet,,59,6,0.0,0.6,0.6,,
2001,3,locom,A2,Winfo,,59,6,0.0,0.6,0.6,,
2001,4,twochannel,A1,none,50.1,0,11,0.09090909090909091,1.0,1.0,0.06666666666666667,
2001,4,twochannel,A2,Wdet,,0,12,0.16666666666666666,1.0,1.0,,
2001,4,twochannel,A2,Winfo,,0,12,0.16666666666666666,1.0,1.0,,
2001,4,wilcoxon,A0,none,0.1,0,12,0.25,0.9,0.9,0.08888888888888889,
2001,4,wilcoxon,A1,none,,0,12,0.25,0.9,0.9,0.08888888888888889,
2001,4,wilcoxon,A2,Wdet,,0,11,0.18181818181818182,0.9,0.9,,
2001,4,wilcoxon,A2,Winfo,,0,13,0.3076923076923077,0.9,0.9,,
2001,4,linda,A0,none,3.2,0,12,0.16666666666666666,1.0,1.0,0.06666666666666667,0.998860179965119
2001,4,linda,A1,none,,0,12,0.16666666666666666,1.0,1.0,0.13333333333333333,
2001,4,linda,A2,Wdet,,0,12,0.16666666666666666,1.0,1.0,,
2001,4,linda,A2,Winfo,,0,12,0.16666666666666666,1.0,1.0,,
2001,4,zinq,A0,none,4.8,3,12,0.16666666666666666,1.0,1.0,0.09195402298850575,
2001,4,zinq,A2,Wdet,,3,12,0.16666666666666666,1.0,1.0,,
2001,4,zinq,A2,Winfo,,3,16,0.375,1.0,1.0,,
2001,4,locom,A1n,none,15.0,67,9,0.1111111111111111,0.8,0.8,0.043478260869565216,
2001,4,locom,A2,Wdet,,67,8,0.0,0.8,0.8,,
2001,4,locom,A2,Winfo,,67,9,0.1111111111111111,0.8,0.8,,
2001,5,twochannel,A1,none,46.2,0,12,0.16666666666666666,1.0,1.0,0.07777777777777778,
2001,5,twochannel,A2,Wdet,,0,10,0.0,1.0,1.0,,
2001,5,twochannel,A2,Winfo,,0,10,0.0,1.0,1.0,,
2001,5,wilcoxon,A0,none,0.1,0,10,0.0,1.0,1.0,0.044444444444444446,
2001,5,wilcoxon,A1,none,,0,10,0.0,1.0,1.0,0.03333333333333333,
2001,5,wilcoxon,A2,Wdet,,0,10,0.0,1.0,1.0,,
2001,5,wilcoxon,A2,Winfo,,0,10,0.0,1.0,1.0,,
2001,5,linda,A0,none,2.7,0,10,0.0,1.0,1.0,0.011111111111111112,0.9978243145154466
2001,5,linda,A1,none,,0,10,0.0,1.0,1.0,0.03333333333333333,
2001,5,linda,A2,Wdet,,0,10,0.0,1.0,1.0,,
2001,5,linda,A2,Winfo,,0,10,0.0,1.0,1.0,,
2001,5,zinq,A0,none,3.8,1,10,0.0,1.0,1.0,0.02247191011235955,
2001,5,zinq,A2,Wdet,,1,10,0.0,1.0,1.0,,
2001,5,zinq,A2,Winfo,,1,11,0.09090909090909091,1.0,1.0,,
2001,5,locom,A1n,none,73.3,63,6,0.16666666666666666,0.5,0.5,0.14814814814814814,
2001,5,locom,A2,Wdet,,63,6,0.16666666666666666,0.5,0.5,,
2001,5,locom,A2,Winfo,,63,6,0.16666666666666666,0.5,0.5,,
2001,6,twochannel,A1,none,50.6,0,10,0.0,1.0,1.0,0.03333333333333333,
2001,6,twochannel,A2,Wdet,,0,11,0.09090909090909091,1.0,1.0,,
2001,6,twochannel,A2,Winfo,,0,11,0.09090909090909091,1.0,1.0,,
2001,6,wilcoxon,A0,none,0.1,0,10,0.0,1.0,1.0,0.06666666666666667,
2001,6,wilcoxon,A1,none,,0,10,0.0,1.0,1.0,0.044444444444444446,
2001,6,wilcoxon,A2,Wdet,,0,10,0.0,1.0,1.0,,
2001,6,wilcoxon,A2,Winfo,,0,10,0.0,1.0,1.0,,
2001,6,linda,A0,none,3.5,0,10,0.0,1.0,1.0,0.06666666666666667,0.9947130440023306
2001,6,linda,A1,none,,0,11,0.09090909090909091,1.0,1.0,0.1,
2001,6,linda,A2,Wdet,,0,10,0.0,1.0,1.0,,
2001,6,linda,A2,Winfo,,0,11,0.09090909090909091,1.0,1.0,,
2001,6,zinq,A0,none,4.8,2,10,0.0,1.0,1.0,0.03409090909090909,
2001,6,zinq,A2,Wdet,,2,10,0.0,1.0,1.0,,
2001,6,zinq,A2,Winfo,,2,10,0.0,1.0,1.0,,
2001,6,locom,A1n,none,49.3,58,8,0.125,0.7,0.7,0.15625,
2001,6,locom,A2,Wdet,,58,8,0.125,0.7,0.7,,
2001,6,locom,A2,Winfo,,58,8,0.125,0.7,0.7,,
2001,7,twochannel,A1,none,46.5,0,10,0.0,1.0,1.0,0.022222222222222223,
2001,7,twochannel,A2,Wdet,,0,10,0.0,1.0,1.0,,
2001,7,twochannel,A2,Winfo,,0,10,0.0,1.0,1.0,,
2001,7,wilcoxon,A0,none,0.0,0,11,0.09090909090909091,1.0,1.0,0.06666666666666667,
2001,7,wilcoxon,A1,none,,0,11,0.09090909090909091,1.0,1.0,0.05555555555555555,
2001,7,wilcoxon,A2,Wdet,,0,10,0.0,1.0,1.0,,
2001,7,wilcoxon,A2,Winfo,,0,11,0.09090909090909091,1.0,1.0,,
2001,7,linda,A0,none,2.4,0,10,0.0,1.0,1.0,0.03333333333333333,0.9989440077743089
2001,7,linda,A1,none,,0,10,0.0,1.0,1.0,0.022222222222222223,
2001,7,linda,A2,Wdet,,0,10,0.0,1.0,1.0,,
2001,7,linda,A2,Winfo,,0,10,0.0,1.0,1.0,,
2001,7,zinq,A0,none,4.8,0,11,0.09090909090909091,1.0,1.0,0.05555555555555555,
2001,7,zinq,A2,Wdet,,0,10,0.0,1.0,1.0,,
2001,7,zinq,A2,Winfo,,0,11,0.09090909090909091,1.0,1.0,,
2001,7,locom,A1n,none,48.4,58,5,0.0,0.5,0.5,0.0625,
2001,7,locom,A2,Wdet,,58,5,0.0,0.5,0.5,,
2001,7,locom,A2,Winfo,,58,5,0.0,0.5,0.5,,
2001,8,twochannel,A1,none,55.5,0,11,0.09090909090909091,1.0,1.0,0.06666666666666667,
2001,8,twochannel,A2,Wdet,,0,11,0.09090909090909091,1.0,1.0,,
2001,8,twochannel,A2,Winfo,,0,11,0.09090909090909091,1.0,1.0,,
2001,8,wilcoxon,A0,none,0.1,0,12,0.16666666666666666,1.0,1.0,0.044444444444444446,
2001,8,wilcoxon,A1,none,,0,11,0.09090909090909091,1.0,1.0,0.03333333333333333,
2001,8,wilcoxon,A2,Wdet,,0,11,0.09090909090909091,1.0,1.0,,
2001,8,wilcoxon,A2,Winfo,,0,11,0.09090909090909091,1.0,1.0,,
2001,8,linda,A0,none,4.6,0,11,0.09090909090909091,1.0,1.0,0.044444444444444446,0.9993292958175497
2001,8,linda,A1,none,,0,11,0.09090909090909091,1.0,1.0,0.044444444444444446,
2001,8,linda,A2,Wdet,,0,11,0.09090909090909091,1.0,1.0,,
2001,8,linda,A2,Winfo,,0,11,0.09090909090909091,1.0,1.0,,
2001,8,zinq,A0,none,6.4,0,12,0.16666666666666666,1.0,1.0,0.044444444444444446,
2001,8,zinq,A2,Wdet,,0,11,0.09090909090909091,1.0,1.0,,
2001,8,zinq,A2,Winfo,,0,12,0.16666666666666666,1.0,1.0,,
2001,8,locom,A1n,none,35.6,57,8,0.0,0.8,0.8,0.058823529411764705,
2001,8,locom,A2,Wdet,,57,8,0.0,0.8,0.8,,
2001,8,locom,A2,Winfo,,57,8,0.0,0.8,0.8,,
2001,9,twochannel,A1,none,52.7,0,10,0.0,1.0,1.0,0.044444444444444446,
2001,9,twochannel,A2,Wdet,,0,10,0.0,1.0,1.0,,
2001,9,twochannel,A2,Winfo,,0,10,0.0,1.0,1.0,,
2001,9,wilcoxon,A0,none,0.0,0,10,0.0,1.0,1.0,0.022222222222222223,
2001,9,wilcoxon,A1,none,,0,11,0.09090909090909091,1.0,1.0,0.022222222222222223,
2001,9,wilcoxon,A2,Wdet,,0,10,0.0,1.0,1.0,,
2001,9,wilcoxon,A2,Winfo,,0,10,0.0,1.0,1.0,,
2001,9,linda,A0,none,4.1,0,10,0.0,1.0,1.0,0.03333333333333333,0.9992308730442693
2001,9,linda,A1,none,,0,11,0.09090909090909091,1.0,1.0,0.03333333333333333,
2001,9,linda,A2,Wdet,,0,11,0.09090909090909091,1.0,1.0,,
2001,9,linda,A2,Winfo,,0,10,0.0,1.0,1.0,,
2001,9,zinq,A0,none,4.9,2,10,0.0,1.0,1.0,0.022727272727272728,
2001,9,zinq,A2,Wdet,,2,10,0.0,1.0,1.0,,
2001,9,zinq,A2,Winfo,,2,10,0.0,1.0,1.0,,
2001,9,locom,A1n,none,16.4,62,7,0.14285714285714285,0.6,0.6,0.03571428571428571,
2001,9,locom,A2,Wdet,,62,7,0.14285714285714285,0.6,0.6,,
2001,9,locom,A2,Winfo,,62,7,0.14285714285714285,0.6,0.6,,
2001,10,twochannel,A1,none,49.5,0,10,0.0,1.0,1.0,0.03333333333333333,
2001,10,twochannel,A2,Wdet,,0,10,0.0,1.0,1.0,,
2001,10,twochannel,A2,Winfo,,0,10,0.0,1.0,1.0,,
2001,10,wilcoxon,A0,none,0.0,0,11,0.09090909090909091,1.0,1.0,0.03333333333333333,
2001,10,wilcoxon,A1,none,,0,11,0.09090909090909091,1.0,1.0,0.03333333333333333,
2001,10,wilcoxon,A2,Wdet,,0,11,0.09090909090909091,1.0,1.0,,
2001,10,wilcoxon,A2,Winfo,,0,11,0.09090909090909091,1.0,1.0,,
2001,10,linda,A0,none,2.6,0,10,0.0,1.0,1.0,0.06666666666666667,0.9984478452154898
2001,10,linda,A1,none,,0,10,0.0,1.0,1.0,0.03333333333333333,
2001,10,linda,A2,Wdet,,0,10,0.0,1.0,1.0,,
2001,10,linda,A2,Winfo,,0,10,0.0,1.0,1.0,,
2001,10,zinq,A0,none,4.9,0,11,0.09090909090909091,1.0,1.0,0.06666666666666667,
2001,10,zinq,A2,Wdet,,0,11,0.09090909090909091,1.0,1.0,,
2001,10,zinq,A2,Winfo,,0,11,0.09090909090909091,1.0,1.0,,
2001,10,locom,A1n,none,45.9,64,8,0.0,0.8,0.8,0.0,
2001,10,locom,A2,Wdet,,64,8,0.0,0.8,0.8,,
2001,10,locom,A2,Winfo,,64,8,0.0,0.8,0.8,,
2001,11,twochannel,A1,none,54.6,0,11,0.09090909090909091,1.0,1.0,0.03333333333333333,
2001,11,twochannel,A2,Wdet,,0,11,0.09090909090909091,1.0,1.0,,
2001,11,twochannel,A2,Winfo,,0,10,0.0,1.0,1.0,,
2001,11,wilcoxon,A0,none,0.0,0,11,0.09090909090909091,1.0,1.0,0.05555555555555555,
2001,11,wilcoxon,A1,none,,0,11,0.09090909090909091,1.0,1.0,0.05555555555555555,
2001,11,wilcoxon,A2,Wdet,,0,10,0.0,1.0,1.0,,
2001,11,wilcoxon,A2,Winfo,,0,10,0.0,1.0,1.0,,
2001,11,linda,A0,none,2.6,0,11,0.09090909090909091,1.0,1.0,0.044444444444444446,0.9986202031207937
2001,11,linda,A1,none,,0,11,0.09090909090909091,1.0,1.0,0.07777777777777778,
2001,11,linda,A2,Wdet,,0,11,0.09090909090909091,1.0,1.0,,
2001,11,linda,A2,Winfo,,0,10,0.0,1.0,1.0,,
2001,11,zinq,A0,none,3.5,3,10,0.0,1.0,1.0,0.034482758620689655,
2001,11,zinq,A2,Wdet,,3,10,0.0,1.0,1.0,,
2001,11,zinq,A2,Winfo,,3,10,0.0,1.0,1.0,,
2001,11,locom,A1n,none,63.4,64,6,0.0,0.6,0.6,0.038461538461538464,
2001,11,locom,A2,Wdet,,64,6,0.0,0.6,0.6,,
2001,11,locom,A2,Winfo,,64,6,0.0,0.6,0.6,,
2001,12,twochannel,A1,none,50.7,0,10,0.0,1.0,1.0,0.12222222222222222,
2001,12,twochannel,A2,Wdet,,0,10,0.0,1.0,1.0,,
2001,12,twochannel,A2,Winfo,,0,10,0.0,1.0,1.0,,
2001,12,wilcoxon,A0,none,0.1,0,13,0.23076923076923078,1.0,1.0,0.1,
2001,12,wilcoxon,A1,none,,0,12,0.16666666666666666,1.0,1.0,0.08888888888888889,
2001,12,wilcoxon,A2,Wdet,,0,11,0.09090909090909091,1.0,1.0,,
2001,12,wilcoxon,A2,Winfo,,0,13,0.23076923076923078,1.0,1.0,,
2001,12,linda,A0,none,2.6,0,12,0.16666666666666666,1.0,1.0,0.044444444444444446,0.9984158871413583
2001,12,linda,A1,none,,0,17,0.4117647058823529,1.0,1.0,0.14444444444444443,
2001,12,linda,A2,Wdet,,0,11,0.09090909090909091,1.0,1.0,,
2001,12,linda,A2,Winfo,,0,11,0.09090909090909091,1.0,1.0,,
2001,12,zinq,A0,none,3.8,4,12,0.16666666666666666,1.0,1.0,0.06976744186046512,
2001,12,zinq,A2,Wdet,,4,11,0.09090909090909091,1.0,1.0,,
2001,12,zinq,A2,Winfo,,4,11,0.09090909090909091,1.0,1.0,,
2001,12,locom,A1n,none,14.5,66,10,0.1,0.9,0.9,0.041666666666666664,
2001,12,locom,A2,Wdet,,66,10,0.1,0.9,0.9,,
2001,12,locom,A2,Winfo,,66,10,0.1,0.9,0.9,,
2001,13,twochannel,A1,none,61.2,0,11,0.09090909090909091,1.0,1.0,0.022222222222222223,
2001,13,twochannel,A2,Wdet,,0,10,0.0,1.0,1.0,,
2001,13,twochannel,A2,Winfo,,0,10,0.0,1.0,1.0,,
2001,13,wilcoxon,A0,none,0.0,0,11,0.09090909090909091,1.0,1.0,0.03333333333333333,
2001,13,wilcoxon,A1,none,,0,11,0.09090909090909091,1.0,1.0,0.03333333333333333,
2001,13,wilcoxon,A2,Wdet,,0,10,0.0,1.0,1.0,,
2001,13,wilcoxon,A2,Winfo,,0,10,0.0,1.0,1.0,,
2001,13,linda,A0,none,2.9,0,10,0.0,1.0,1.0,0.03333333333333333,0.99909372376164
2001,13,linda,A1,none,,0,11,0.09090909090909091,1.0,1.0,0.03333333333333333,
2001,13,linda,A2,Wdet,,0,10,0.0,1.0,1.0,,
2001,13,linda,A2,Winfo,,0,10,0.0,1.0,1.0,,
2001,13,zinq,A0,none,3.9,0,11,0.09090909090909091,1.0,1.0,0.05555555555555555,
2001,13,zinq,A2,Wdet,,0,11,0.09090909090909091,1.0,1.0,,
2001,13,zinq,A2,Winfo,,0,11,0.09090909090909091,1.0,1.0,,
2001,13,locom,A1n,none,46.1,60,10,0.1,0.9,0.9,0.03333333333333333,
2001,13,locom,A2,Wdet,,60,10,0.1,0.9,0.9,,
2001,13,locom,A2,Winfo,,60,10,0.1,0.9,0.9,,
2001,14,twochannel,A1,none,61.4,0,10,0.0,1.0,1.0,0.011111111111111112,
2001,14,twochannel,A2,Wdet,,0,10,0.0,1.0,1.0,,
2001,14,twochannel,A2,Winfo,,0,10,0.0,1.0,1.0,,
2001,14,wilcoxon,A0,none,0.0,0,10,0.0,1.0,1.0,0.05555555555555555,
2001,14,wilcoxon,A1,none,,0,10,0.0,1.0,1.0,0.03333333333333333,
2001,14,wilcoxon,A2,Wdet,,0,10,0.0,1.0,1.0,,
2001,14,wilcoxon,A2,Winfo,,0,10,0.0,1.0,1.0,,
2001,14,linda,A0,none,2.7,0,10,0.0,1.0,1.0,0.03333333333333333,0.9965851223224882
2001,14,linda,A1,none,,0,10,0.0,1.0,1.0,0.03333333333333333,
2001,14,linda,A2,Wdet,,0,10,0.0,1.0,1.0,,
2001,14,linda,A2,Winfo,,0,10,0.0,1.0,1.0,,
2001,14,zinq,A0,none,4.0,0,10,0.0,1.0,1.0,0.044444444444444446,
2001,14,zinq,A2,Wdet,,0,11,0.09090909090909091,1.0,1.0,,
2001,14,zinq,A2,Winfo,,0,11,0.09090909090909091,1.0,1.0,,
2001,14,locom,A1n,none,29.4,64,7,0.0,0.7,0.7,0.07692307692307693,
2001,14,locom,A2,Wdet,,64,7,0.0,0.7,0.7,,
2001,14,locom,A2,Winfo,,64,7,0.0,0.7,0.7,,
2001,15,twochannel,A1,none,50.2,0,10,0.0,1.0,1.0,0.13333333333333333,
2001,15,twochannel,A2,Wdet,,0,10,0.0,1.0,1.0,,
2001,15,twochannel,A2,Winfo,,0,10,0.0,1.0,1.0,,
2001,15,wilcoxon,A0,none,0.1,0,10,0.0,1.0,1.0,0.12222222222222222,
2001,15,wilcoxon,A1,none,,0,12,0.16666666666666666,1.0,1.0,0.13333333333333333,
2001,15,wilcoxon,A2,Wdet,,0,10,0.0,1.0,1.0,,
2001,15,wilcoxon,A2,Winfo,,0,10,0.0,1.0,1.0,,
2001,15,linda,A0,none,2.7,0,11,0.09090909090909091,1.0,1.0,0.06666666666666667,0.9981808131305684
2001,15,linda,A1,none,,0,15,0.3333333333333333,1.0,1.0,0.1111111111111111,
2001,15,linda,A2,Wdet,,0,11,0.09090909090909091,1.0,1.0,,
2001,15,linda,A2,Winfo,,0,10,0.0,1.0,1.0,,
2001,15,zinq,A0,none,4.2,0,12,0.16666666666666666,1.0,1.0,0.12222222222222222,
2001,15,zinq,A2,Wdet,,0,13,0.23076923076923078,1.0,1.0,,
2001,15,zinq,A2,Winfo,,0,16,0.375,1.0,1.0,,
2001,15,locom,A1n,none,50.9,62,7,0.0,0.7,0.7,0.03333333333333333,
2001,15,locom,A2,Wdet,,62,7,0.0,0.7,0.7,,
2001,15,locom,A2,Winfo,,62,7,0.0,0.7,0.7,,
2001,16,twochannel,A1,none,64.1,0,10,0.0,1.0,1.0,0.07777777777777778,
2001,16,twochannel,A2,Wdet,,0,11,0.09090909090909091,1.0,1.0,,
2001,16,twochannel,A2,Winfo,,0,11,0.09090909090909091,1.0,1.0,,
2001,16,wilcoxon,A0,none,0.0,0,10,0.0,1.0,1.0,0.06666666666666667,
2001,16,wilcoxon,A1,none,,0,10,0.0,1.0,1.0,0.03333333333333333,
2001,16,wilcoxon,A2,Wdet,,0,10,0.0,1.0,1.0,,
2001,16,wilcoxon,A2,Winfo,,0,10,0.0,1.0,1.0,,
2001,16,linda,A0,none,4.8,0,10,0.0,1.0,1.0,0.05555555555555555,0.995667295979178
2001,16,linda,A1,none,,0,15,0.3333333333333333,1.0,1.0,0.08888888888888889,
2001,16,linda,A2,Wdet,,0,10,0.0,1.0,1.0,,
2001,16,linda,A2,Winfo,,0,10,0.0,1.0,1.0,,
2001,16,zinq,A0,none,7.3,2,10,0.0,1.0,1.0,0.045454545454545456,
2001,16,zinq,A2,Wdet,,2,10,0.0,1.0,1.0,,
2001,16,zinq,A2,Winfo,,2,10,0.0,1.0,1.0,,
2001,16,locom,A1n,none,37.8,62,7,0.0,0.7,0.7,0.10714285714285714,
2001,16,locom,A2,Wdet,,62,7,0.0,0.7,0.7,,
2001,16,locom,A2,Winfo,,62,6,0.0,0.6,0.6,,
2001,17,twochannel,A1,none,50.0,0,11,0.09090909090909091,1.0,1.0,0.011111111111111112,
2001,17,twochannel,A2,Wdet,,0,10,0.0,1.0,1.0,,
2001,17,twochannel,A2,Winfo,,0,10,0.0,1.0,1.0,,
2001,17,wilcoxon,A0,none,0.1,0,11,0.09090909090909091,1.0,1.0,0.03333333333333333,
2001,17,wilcoxon,A1,none,,0,11,0.09090909090909091,1.0,1.0,0.03333333333333333,
2001,17,wilcoxon,A2,Wdet,,0,11,0.09090909090909091,1.0,1.0,,
2001,17,wilcoxon,A2,Winfo,,0,11,0.09090909090909091,1.0,1.0,,
2001,17,linda,A0,none,3.4,0,10,0.0,1.0,1.0,0.022222222222222223,0.9992933448954255
2001,17,linda,A1,none,,0,10,0.0,1.0,1.0,0.044444444444444446,
2001,17,linda,A2,Wdet,,0,10,0.0,1.0,1.0,,
2001,17,linda,A2,Winfo,,0,10,0.0,1.0,1.0,,
2001,17,zinq,A0,none,4.8,3,10,0.0,1.0,1.0,0.04597701149425287,
2001,17,zinq,A2,Wdet,,3,10,0.0,1.0,1.0,,
2001,17,zinq,A2,Winfo,,3,11,0.09090909090909091,1.0,1.0,,
2001,17,locom,A1n,none,45.9,63,5,0.0,0.5,0.5,0.1111111111111111,
2001,17,locom,A2,Wdet,,63,5,0.0,0.5,0.5,,
2001,17,locom,A2,Winfo,,63,4,0.0,0.4,0.4,,
2001,18,twochannel,A1,none,51.8,0,11,0.09090909090909091,1.0,1.0,0.044444444444444446,
2001,18,twochannel,A2,Wdet,,0,10,0.0,1.0,1.0,,
2001,18,twochannel,A2,Winfo,,0,11,0.09090909090909091,1.0,1.0,,
2001,18,wilcoxon,A0,none,0.0,0,10,0.0,1.0,1.0,0.0,
2001,18,wilcoxon,A1,none,,0,10,0.0,1.0,1.0,0.0,
2001,18,wilcoxon,A2,Wdet,,0,10,0.0,1.0,1.0,,
2001,18,wilcoxon,A2,Winfo,,0,10,0.0,1.0,1.0,,
2001,18,linda,A0,none,2.4,0,10,0.0,1.0,1.0,0.011111111111111112,0.9980224813532832
2001,18,linda,A1,none,,0,10,0.0,1.0,1.0,0.022222222222222223,
2001,18,linda,A2,Wdet,,0,10,0.0,1.0,1.0,,
2001,18,linda,A2,Winfo,,0,10,0.0,1.0,1.0,,
2001,18,zinq,A0,none,5.1,3,10,0.0,1.0,1.0,0.04597701149425287,
2001,18,zinq,A2,Wdet,,3,11,0.09090909090909091,1.0,1.0,,
2001,18,zinq,A2,Winfo,,3,13,0.23076923076923078,1.0,1.0,,
2001,18,locom,A1n,none,57.6,59,8,0.0,0.8,0.8,0.03225806451612903,
2001,18,locom,A2,Wdet,,59,8,0.0,0.8,0.8,,
2001,18,locom,A2,Winfo,,59,8,0.0,0.8,0.8,,
2001,19,twochannel,A1,none,45.6,0,10,0.0,1.0,1.0,0.044444444444444446,
2001,19,twochannel,A2,Wdet,,0,10,0.0,1.0,1.0,,
2001,19,twochannel,A2,Winfo,,0,10,0.0,1.0,1.0,,
2001,19,wilcoxon,A0,none,0.0,0,10,0.0,1.0,1.0,0.044444444444444446,
2001,19,wilcoxon,A1,none,,0,10,0.0,1.0,1.0,0.05555555555555555,
2001,19,wilcoxon,A2,Wdet,,0,10,0.0,1.0,1.0,,
2001,19,wilcoxon,A2,Winfo,,0,10,0.0,1.0,1.0,,
2001,19,linda,A0,none,3.4,0,11,0.09090909090909091,1.0,1.0,0.05555555555555555,0.9983476151834472
2001,19,linda,A1,none,,0,11,0.09090909090909091,1.0,1.0,0.05555555555555555,
2001,19,linda,A2,Wdet,,0,11,0.09090909090909091,1.0,1.0,,
2001,19,linda,A2,Winfo,,0,11,0.09090909090909091,1.0,1.0,,
2001,19,zinq,A0,none,4.8,1,11,0.09090909090909091,1.0,1.0,0.06741573033707865,
2001,19,zinq,A2,Wdet,,1,11,0.09090909090909091,1.0,1.0,,
2001,19,zinq,A2,Winfo,,1,12,0.16666666666666666,1.0,1.0,,
2001,19,locom,A1n,none,50.3,59,7,0.14285714285714285,0.6,0.6,0.0967741935483871,
2001,19,locom,A2,Wdet,,59,7,0.14285714285714285,0.6,0.6,,
2001,19,locom,A2,Winfo,,59,6,0.0,0.6,0.6,,
2002,0,twochannel,A1,none,52.1,0,9,0.0,0.9,1.0,0.06666666666666667,
2002,0,twochannel,A2,Wdet,,0,11,0.09090909090909091,1.0,1.0,,
2002,0,twochannel,A2,Winfo,,0,11,0.09090909090909091,1.0,1.0,,
2002,0,wilcoxon,A0,none,0.0,0,6,0.0,0.6,1.0,0.06666666666666667,
2002,0,wilcoxon,A1,none,,0,6,0.0,0.6,1.0,0.06666666666666667,
2002,0,wilcoxon,A2,Wdet,,0,8,0.0,0.8,1.0,,
2002,0,wilcoxon,A2,Winfo,,0,6,0.0,0.6,1.0,,
2002,0,linda,A0,none,2.3,0,6,0.0,0.6,1.0,0.07777777777777778,0.9979603870641811
2002,0,linda,A1,none,,0,6,0.0,0.6,1.0,0.07777777777777778,
2002,0,linda,A2,Wdet,,0,6,0.0,0.6,1.0,,
2002,0,linda,A2,Winfo,,0,6,0.0,0.6,1.0,,
2002,0,zinq,A0,none,4.3,1,8,0.0,0.8,1.0,0.033707865168539325,
2002,0,zinq,A2,Wdet,,1,8,0.0,0.8,1.0,,
2002,0,zinq,A2,Winfo,,1,8,0.0,0.8,1.0,,
2002,0,locom,A1n,none,25.4,63,8,0.0,0.8,0.8,0.07142857142857142,
2002,0,locom,A2,Wdet,,63,8,0.0,0.8,0.8,,
2002,0,locom,A2,Winfo,,63,7,0.0,0.7,0.8,,
2002,1,twochannel,A1,none,68.2,0,10,0.0,1.0,1.0,0.05555555555555555,
2002,1,twochannel,A2,Wdet,,0,10,0.0,1.0,1.0,,
2002,1,twochannel,A2,Winfo,,0,10,0.0,1.0,1.0,,
2002,1,wilcoxon,A0,none,0.1,0,7,0.0,0.7,1.0,0.06666666666666667,
2002,1,wilcoxon,A1,none,,0,6,0.0,0.6,1.0,0.06666666666666667,
2002,1,wilcoxon,A2,Wdet,,0,8,0.125,0.7,1.0,,
2002,1,wilcoxon,A2,Winfo,,0,8,0.125,0.7,1.0,,
2002,1,linda,A0,none,3.5,0,7,0.14285714285714285,0.6,1.0,0.05555555555555555,0.9966562147397297
2002,1,linda,A1,none,,0,8,0.25,0.6,1.0,0.06666666666666667,
2002,1,linda,A2,Wdet,,0,7,0.14285714285714285,0.6,1.0,,
2002,1,linda,A2,Winfo,,0,7,0.14285714285714285,0.6,1.0,,
2002,1,zinq,A0,none,5.9,4,9,0.0,0.9,1.0,0.06976744186046512,
2002,1,zinq,A2,Wdet,,4,11,0.09090909090909091,1.0,1.0,,
2002,1,zinq,A2,Winfo,,4,10,0.1,0.9,1.0,,
2002,1,locom,A1n,none,59.8,58,10,0.1,0.9,0.8,0.125,
2002,1,locom,A2,Wdet,,58,10,0.1,0.9,0.8,,
2002,1,locom,A2,Winfo,,58,11,0.18181818181818182,0.9,0.8,,
2002,2,twochannel,A1,none,53.8,0,10,0.0,1.0,1.0,0.044444444444444446,
2002,2,twochannel,A2,Wdet,,0,10,0.0,1.0,1.0,,
2002,2,twochannel,A2,Winfo,,0,10,0.0,1.0,1.0,,
2002,2,wilcoxon,A0,none,0.0,0,5,0.0,0.5,1.0,0.05555555555555555,
2002,2,wilcoxon,A1,none,,0,5,0.0,0.5,1.0,0.044444444444444446,
2002,2,wilcoxon,A2,Wdet,,0,6,0.0,0.6,1.0,,
2002,2,wilcoxon,A2,Winfo,,0,6,0.0,0.6,1.0,,
2002,2,linda,A0,none,3.3,0,6,0.0,0.6,1.0,0.05555555555555555,0.9979117924633587
2002,2,linda,A1,none,,0,6,0.0,0.6,1.0,0.05555555555555555,
2002,2,linda,A2,Wdet,,0,6,0.0,0.6,1.0,,
2002,2,linda,A2,Winfo,,0,6,0.0,0.6,1.0,,
2002,2,zinq,A0,none,4.6,1,7,0.0,0.7,1.0,0.033707865168539325,
2002,2,zinq,A2,Wdet,,1,9,0.0,0.9,1.0,,
2002,2,zinq,A2,Winfo,,1,9,0.0,0.9,1.0,,
2002,2,locom,A1n,none,34.1,64,7,0.0,0.7,1.0,0.038461538461538464,
2002,2,locom,A2,Wdet,,64,7,0.0,0.7,1.0,,
2002,2,locom,A2,Winfo,,64,7,0.0,0.7,1.0,,
2002,3,twochannel,A1,none,57.3,0,10,0.1,0.9,1.0,0.03333333333333333,
2002,3,twochannel,A2,Wdet,,0,9,0.0,0.9,1.0,,
2002,3,twochannel,A2,Winfo,,0,10,0.1,0.9,1.0,,
2002,3,wilcoxon,A0,none,0.1,0,8,0.0,0.8,1.0,0.03333333333333333,
2002,3,wilcoxon,A1,none,,0,8,0.0,0.8,1.0,0.03333333333333333,
2002,3,wilcoxon,A2,Wdet,,0,8,0.0,0.8,1.0,,
2002,3,wilcoxon,A2,Winfo,,0,8,0.0,0.8,1.0,,
2002,3,linda,A0,none,2.6,0,5,0.0,0.5,1.0,0.03333333333333333,0.9959925850384417
2002,3,linda,A1,none,,0,5,0.0,0.5,1.0,0.03333333333333333,
2002,3,linda,A2,Wdet,,0,5,0.0,0.5,1.0,,
2002,3,linda,A2,Winfo,,0,5,0.0,0.5,1.0,,
2002,3,zinq,A0,none,4.1,3,8,0.0,0.8,1.0,0.022988505747126436,
2002,3,zinq,A2,Wdet,,3,8,0.0,0.8,1.0,,
2002,3,zinq,A2,Winfo,,3,8,0.0,0.8,1.0,,
2002,3,locom,A1n,none,37.3,62,9,0.0,0.9,0.8,0.14285714285714285,
2002,3,locom,A2,Wdet,,62,10,0.0,1.0,1.0,,
2002,3,locom,A2,Winfo,,62,7,0.0,0.7,0.8,,
2002,4,twochannel,A1,none,58.6,0,9,0.0,0.9,1.0,0.05555555555555555,
2002,4,twochannel,A2,Wdet,,0,10,0.1,0.9,1.0,,
2002,4,twochannel,A2,Winfo,,0,10,0.1,0.9,1.0,,
2002,4,wilcoxon,A0,none,0.0,0,7,0.0,0.7,1.0,0.044444444444444446,
2002,4,wilcoxon,A1,none,,0,7,0.0,0.7,1.0,0.05555555555555555,
2002,4,wilcoxon,A2,Wdet,,0,7,0.0,0.7,1.0,,
2002,4,wilcoxon,A2,Winfo,,0,7,0.0,0.7,1.0,,
2002,4,linda,A0,none,2.8,0,5,0.0,0.5,1.0,0.044444444444444446,0.9989076521451615
2002,4,linda,A1,none,,0,5,0.0,0.5,1.0,0.06666666666666667,
2002,4,linda,A2,Wdet,,0,5,0.0,0.5,1.0,,
2002,4,linda,A2,Winfo,,0,5,0.0,0.5,1.0,,
2002,4,zinq,A0,none,4.3,3,9,0.2222222222222222,0.7,1.0,0.06896551724137931,
2002,4,zinq,A2,Wdet,,3,9,0.2222222222222222,0.7,1.0,,
2002,4,zinq,A2,Winfo,,3,9,0.2222222222222222,0.7,1.0,,
2002,4,locom,A1n,none,21.8,62,9,0.0,0.9,1.0,0.03571428571428571,
2002,4,locom,A2,Wdet,,62,9,0.0,0.9,1.0,,
2002,4,locom,A2,Winfo,,62,9,0.0,0.9,1.0,,
2002,5,twochannel,A1,none,46.2,0,11,0.09090909090909091,1.0,1.0,0.06666666666666667,
2002,5,twochannel,A2,Wdet,,0,10,0.0,1.0,1.0,,
2002,5,twochannel,A2,Winfo,,0,10,0.0,1.0,1.0,,
2002,5,wilcoxon,A0,none,0.1,0,7,0.0,0.7,1.0,0.044444444444444446,
2002,5,wilcoxon,A1,none,,0,6,0.0,0.6,1.0,0.044444444444444446,
2002,5,wilcoxon,A2,Wdet,,0,7,0.0,0.7,1.0,,
2002,5,wilcoxon,A2,Winfo,,0,7,0.0,0.7,1.0,,
2002,5,linda,A0,none,5.1,0,7,0.0,0.7,1.0,0.06666666666666667,0.9978799908718845
2002,5,linda,A1,none,,0,5,0.0,0.5,1.0,0.06666666666666667,
2002,5,linda,A2,Wdet,,0,7,0.0,0.7,1.0,,
2002,5,linda,A2,Winfo,,0,7,0.0,0.7,1.0,,
2002,5,zinq,A0,none,7.0,1,9,0.0,0.9,1.0,0.033707865168539325,
2002,5,zinq,A2,Wdet,,1,9,0.0,0.9,1.0,,
2002,5,zinq,A2,Winfo,,1,9,0.0,0.9,1.0,,
2002,5,locom,A1n,none,110.6,54,5,0.0,0.5,0.4,0.08333333333333333,
2002,5,locom,A2,Wdet,,54,5,0.0,0.5,0.4,,
2002,5,locom,A2,Winfo,,54,5,0.0,0.5,0.4,,
2002,6,twochannel,A1,none,66.9,0,9,0.0,0.9,1.0,0.03333333333333333,
2002,6,twochannel,A2,Wdet,,0,9,0.0,0.9,1.0,,
2002,6,twochannel,A2,Winfo,,0,9,0.0,0.9,1.0,,
2002,6,wilcoxon,A0,none,0.1,0,5,0.0,0.5,1.0,0.044444444444444446,
2002,6,wilcoxon,A1,none,,0,5,0.0,0.5,1.0,0.03333333333333333,
2002,6,wilcoxon,A2,Wdet,,0,5,0.0,0.5,1.0,,
2002,6,wilcoxon,A2,Winfo,,0,5,0.0,0.5,1.0,,
2002,6,linda,A0,none,2.8,0,5,0.0,0.5,1.0,0.05555555555555555,0.9979768440497907
2002,6,linda,A1,none,,0,5,0.0,0.5,1.0,0.05555555555555555,
2002,6,linda,A2,Wdet,,0,5,0.0,0.5,1.0,,
2002,6,linda,A2,Winfo,,0,5,0.0,0.5,1.0,,
2002,6,zinq,A0,none,4.0,2,8,0.0,0.8,1.0,0.045454545454545456,
2002,6,zinq,A2,Wdet,,2,8,0.0,0.8,1.0,,
2002,6,zinq,A2,Winfo,,2,8,0.0,0.8,1.0,,
2002,6,locom,A1n,none,90.6,60,6,0.16666666666666666,0.5,0.6,0.03125,
2002,6,locom,A2,Wdet,,60,5,0.0,0.5,0.6,,
2002,6,locom,A2,Winfo,,60,7,0.14285714285714285,0.6,0.8,,
2002,7,twochannel,A1,none,46.5,0,9,0.0,0.9,1.0,0.06666666666666667,
2002,7,twochannel,A2,Wdet,,0,9,0.0,0.9,1.0,,
2002,7,twochannel,A2,Winfo,,0,9,0.0,0.9,1.0,,
2002,7,wilcoxon,A0,none,0.1,0,5,0.0,0.5,0.8,0.07777777777777778,
2002,7,wilcoxon,A1,none,,0,4,0.0,0.4,0.8,0.05555555555555555,
2002,7,wilcoxon,A2,Wdet,,0,4,0.0,0.4,0.8,,
2002,7,wilcoxon,A2,Winfo,,0,4,0.0,0.4,0.8,,
2002,7,linda,A0,none,4.5,0,5,0.0,0.5,1.0,0.044444444444444446,0.9951419772418786
2002,7,linda,A1,none,,0,4,0.0,0.4,0.8,0.06666666666666667,
2002,7,linda,A2,Wdet,,0,5,0.0,0.5,1.0,,
2002,7,linda,A2,Winfo,,0,6,0.16666666666666666,0.5,1.0,,
2002,7,zinq,A0,none,6.9,1,9,0.0,0.9,1.0,0.07865168539325842,
2002,7,zinq,A2,Wdet,,1,9,0.0,0.9,1.0,,
2002,7,zinq,A2,Winfo,,1,10,0.1,0.9,1.0,,
2002,7,locom,A1n,none,36.2,55,7,0.0,0.7,0.8,0.027777777777777776,
2002,7,locom,A2,Wdet,,55,7,0.0,0.7,0.8,,
2002,7,locom,A2,Winfo,,55,7,0.0,0.7,0.8,,
2002,8,twochannel,A1,none,45.8,0,9,0.0,0.9,1.0,0.022222222222222223,
2002,8,twochannel,A2,Wdet,,0,9,0.0,0.9,1.0,,
2002,8,twochannel,A2,Winfo,,0,9,0.0,0.9,1.0,,
2002,8,wilcoxon,A0,none,0.1,0,6,0.0,0.6,1.0,0.044444444444444446,
2002,8,wilcoxon,A1,none,,0,6,0.0,0.6,1.0,0.044444444444444446,
2002,8,wilcoxon,A2,Wdet,,0,6,0.0,0.6,1.0,,
2002,8,wilcoxon,A2,Winfo,,0,7,0.14285714285714285,0.6,1.0,,
2002,8,linda,A0,none,3.6,0,6,0.0,0.6,1.0,0.03333333333333333,0.9985011632320149
2002,8,linda,A1,none,,0,6,0.0,0.6,1.0,0.08888888888888889,
2002,8,linda,A2,Wdet,,0,6,0.0,0.6,1.0,,
2002,8,linda,A2,Winfo,,0,6,0.0,0.6,1.0,,
2002,8,zinq,A0,none,4.8,2,9,0.0,0.9,1.0,0.011363636363636364,
2002,8,zinq,A2,Wdet,,2,9,0.0,0.9,1.0,,
2002,8,zinq,A2,Winfo,,2,10,0.1,0.9,1.0,,
2002,8,locom,A1n,none,28.9,65,7,0.14285714285714285,0.6,0.8,0.07407407407407407,
2002,8,locom,A2,Wdet,,65,7,0.14285714285714285,0.6,0.8,,
2002,8,locom,A2,Winfo,,65,7,0.14285714285714285,0.6,0.8,,
2002,9,twochannel,A1,none,54.9,0,11,0.09090909090909091,1.0,1.0,0.1,
2002,9,twochannel,A2,Wdet,,0,12,0.16666666666666666,1.0,1.0,,
2002,9,twochannel,A2,Winfo,,0,12,0.16666666666666666,1.0,1.0,,
2002,9,wilcoxon,A0,none,0.0,0,7,0.14285714285714285,0.6,1.0,0.08888888888888889,
2002,9,wilcoxon,A1,none,,0,8,0.25,0.6,1.0,0.1,
2002,9,wilcoxon,A2,Wdet,,0,8,0.25,0.6,1.0,,
2002,9,wilcoxon,A2,Winfo,,0,8,0.25,0.6,1.0,,
2002,9,linda,A0,none,3.8,0,5,0.0,0.5,1.0,0.06666666666666667,0.9983230819772213
2002,9,linda,A1,none,,0,6,0.16666666666666666,0.5,1.0,0.14444444444444443,
2002,9,linda,A2,Wdet,,0,5,0.0,0.5,1.0,,
2002,9,linda,A2,Winfo,,0,5,0.0,0.5,1.0,,
2002,9,zinq,A0,none,5.3,0,8,0.125,0.7,1.0,0.07777777777777778,
2002,9,zinq,A2,Wdet,,0,10,0.2,0.8,1.0,,
2002,9,zinq,A2,Winfo,,0,9,0.1111111111111111,0.8,1.0,,
2002,9,locom,A1n,none,32.4,57,8,0.25,0.6,0.8,0.11764705882352941,
2002,9,locom,A2,Wdet,,57,8,0.25,0.6,0.8,,
2002,9,locom,A2,Winfo,,57,7,0.14285714285714285,0.6,0.8,,
2002,10,twochannel,A1,none,64.1,0,10,0.0,1.0,1.0,0.022222222222222223,
2002,10,twochannel,A2,Wdet,,0,10,0.0,1.0,1.0,,
2002,10,twochannel,A2,Winfo,,0,10,0.0,1.0,1.0,,
2002,10,wilcoxon,A0,none,0.1,0,6,0.0,0.6,1.0,0.06666666666666667,
2002,10,wilcoxon,A1,none,,0,6,0.0,0.6,1.0,0.05555555555555555,
2002,10,wilcoxon,A2,Wdet,,0,6,0.0,0.6,1.0,,
2002,10,wilcoxon,A2,Winfo,,0,6,0.0,0.6,1.0,,
2002,10,linda,A0,none,2.7,0,5,0.0,0.5,1.0,0.06666666666666667,0.9943851541917579
2002,10,linda,A1,none,,0,5,0.0,0.5,1.0,0.06666666666666667,
2002,10,linda,A2,Wdet,,0,5,0.0,0.5,1.0,,
2002,10,linda,A2,Winfo,,0,5,0.0,0.5,1.0,,
2002,10,zinq,A0,none,3.8,0,9,0.0,0.9,1.0,0.044444444444444446,
2002,10,zinq,A2,Wdet,,0,9,0.0,0.9,1.0,,
2002,10,zinq,A2,Winfo,,0,9,0.0,0.9,1.0,,
2002,10,locom,A1n,none,61.5,58,9,0.1111111111111111,0.8,1.0,0.08823529411764706,
2002,10,locom,A2,Wdet,,58,9,0.1111111111111111,0.8,1.0,,
2002,10,locom,A2,Winfo,,58,9,0.1111111111111111,0.8,1.0,,
2002,11,twochannel,A1,none,51.9,0,10,0.0,1.0,1.0,0.05555555555555555,
2002,11,twochannel,A2,Wdet,,0,10,0.0,1.0,1.0,,
2002,11,twochannel,A2,Winfo,,0,10,0.0,1.0,1.0,,
2002,11,wilcoxon,A0,none,0.1,0,6,0.0,0.6,1.0,0.03333333333333333,
2002,11,wilcoxon,A1,none,,0,6,0.0,0.6,1.0,0.03333333333333333,
2002,11,wilcoxon,A2,Wdet,,0,7,0.0,0.7,1.0,,
2002,11,wilcoxon,A2,Winfo,,0,7,0.0,0.7,1.0,,
2002,11,linda,A0,none,3.5,0,6,0.0,0.6,1.0,0.011111111111111112,0.9960402560004878
2002,11,linda,A1,none,,0,6,0.0,0.6,1.0,0.05555555555555555,
2002,11,linda,A2,Wdet,,0,6,0.0,0.6,1.0,,
2002,11,linda,A2,Winfo,,0,6,0.0,0.6,1.0,,
2002,11,zinq,A0,none,5.0,5,9,0.0,0.9,1.0,0.011764705882352941,
2002,11,zinq,A2,Wdet,,5,9,0.0,0.9,1.0,,
2002,11,zinq,A2,Winfo,,5,9,0.0,0.9,1.0,,
2002,11,locom,A1n,none,90.9,59,5,0.0,0.5,0.6,0.030303030303030304,
2002,11,locom,A2,Wdet,,59,5,0.0,0.5,0.6,,
2002,11,locom,A2,Winfo,,59,5,0.0,0.5,0.6,,
2002,12,twochannel,A1,none,51.1,0,11,0.09090909090909091,1.0,1.0,0.06666666666666667,
2002,12,twochannel,A2,Wdet,,0,10,0.0,1.0,1.0,,
2002,12,twochannel,A2,Winfo,,0,10,0.0,1.0,1.0,,
2002,12,wilcoxon,A0,none,0.1,0,6,0.0,0.6,1.0,0.06666666666666667,
2002,12,wilcoxon,A1,none,,0,6,0.0,0.6,1.0,0.06666666666666667,
2002,12,wilcoxon,A2,Wdet,,0,6,0.0,0.6,1.0,,
2002,12,wilcoxon,A2,Winfo,,0,6,0.0,0.6,1.0,,
2002,12,linda,A0,none,2.6,0,5,0.0,0.5,1.0,0.022222222222222223,0.9954405557801119
2002,12,linda,A1,none,,0,5,0.0,0.5,1.0,0.044444444444444446,
2002,12,linda,A2,Wdet,,0,5,0.0,0.5,1.0,,
2002,12,linda,A2,Winfo,,0,5,0.0,0.5,1.0,,
2002,12,zinq,A0,none,6.0,7,9,0.0,0.9,1.0,0.024096385542168676,
2002,12,zinq,A2,Wdet,,7,9,0.0,0.9,1.0,,
2002,12,zinq,A2,Winfo,,7,9,0.0,0.9,1.0,,
2002,12,locom,A1n,none,8.4,71,8,0.125,0.7,0.8,0.05,
2002,12,locom,A2,Wdet,,71,8,0.125,0.7,0.8,,
2002,12,locom,A2,Winfo,,71,8,0.125,0.7,0.8,,
2002,13,twochannel,A1,none,58.9,0,11,0.09090909090909091,1.0,1.0,0.03333333333333333,
2002,13,twochannel,A2,Wdet,,0,10,0.0,1.0,1.0,,
2002,13,twochannel,A2,Winfo,,0,10,0.0,1.0,1.0,,
2002,13,wilcoxon,A0,none,0.1,0,9,0.1111111111111111,0.8,1.0,0.022222222222222223,
2002,13,wilcoxon,A1,none,,0,8,0.0,0.8,1.0,0.03333333333333333,
2002,13,wilcoxon,A2,Wdet,,0,8,0.0,0.8,1.0,,
2002,13,wilcoxon,A2,Winfo,,0,8,0.0,0.8,1.0,,
2002,13,linda,A0,none,3.6,0,5,0.0,0.5,1.0,0.022222222222222223,0.9982792968128943
2002,13,linda,A1,none,,0,5,0.0,0.5,1.0,0.044444444444444446,
2002,13,linda,A2,Wdet,,0,5,0.0,0.5,1.0,,
2002,13,linda,A2,Winfo,,0,5,0.0,0.5,1.0,,
2002,13,zinq,A0,none,5.4,1,9,0.0,0.9,1.0,0.033707865168539325,
2002,13,zinq,A2,Wdet,,1,9,0.0,0.9,1.0,,
2002,13,zinq,A2,Winfo,,1,9,0.0,0.9,1.0,,
2002,13,locom,A1n,none,32.6,59,10,0.1,0.9,0.8,0.0625,
2002,13,locom,A2,Wdet,,59,8,0.0,0.8,0.6,,
2002,13,locom,A2,Winfo,,59,9,0.1111111111111111,0.8,0.6,,
2002,14,twochannel,A1,none,60.9,0,11,0.09090909090909091,1.0,1.0,0.05555555555555555,
2002,14,twochannel,A2,Wdet,,0,11,0.09090909090909091,1.0,1.0,,
2002,14,twochannel,A2,Winfo,,0,11,0.09090909090909091,1.0,1.0,,
2002,14,wilcoxon,A0,none,0.1,0,7,0.14285714285714285,0.6,1.0,0.044444444444444446,
2002,14,wilcoxon,A1,none,,0,8,0.25,0.6,1.0,0.044444444444444446,
2002,14,wilcoxon,A2,Wdet,,0,8,0.25,0.6,1.0,,
2002,14,wilcoxon,A2,Winfo,,0,8,0.25,0.6,1.0,,
2002,14,linda,A0,none,4.3,0,7,0.14285714285714285,0.6,1.0,0.03333333333333333,0.9995223934473886
2002,14,linda,A1,none,,0,5,0.0,0.5,1.0,0.03333333333333333,
2002,14,linda,A2,Wdet,,0,6,0.16666666666666666,0.5,1.0,,
2002,14,linda,A2,Winfo,,0,6,0.16666666666666666,0.5,1.0,,
2002,14,zinq,A0,none,5.0,0,11,0.09090909090909091,1.0,1.0,0.05555555555555555,
2002,14,zinq,A2,Wdet,,0,12,0.16666666666666666,1.0,1.0,,
2002,14,zinq,A2,Winfo,,0,12,0.16666666666666666,1.0,1.0,,
2002,14,locom,A1n,none,40.6,59,11,0.2727272727272727,0.8,1.0,0.16129032258064516,
2002,14,locom,A2,Wdet,,59,11,0.2727272727272727,0.8,1.0,,
2002,14,locom,A2,Winfo,,59,9,0.2222222222222222,0.7,0.8,,
2002,15,twochannel,A1,none,54.3,0,13,0.23076923076923078,1.0,1.0,0.06666666666666667,
2002,15,twochannel,A2,Wdet,,0,11,0.09090909090909091,1.0,1.0,,
2002,15,twochannel,A2,Winfo,,0,11,0.09090909090909091,1.0,1.0,,
2002,15,wilcoxon,A0,none,0.1,0,8,0.125,0.7,1.0,0.07777777777777778,
2002,15,wilcoxon,A1,none,,0,9,0.2222222222222222,0.7,1.0,0.06666666666666667,
2002,15,wilcoxon,A2,Wdet,,0,8,0.125,0.7,1.0,,
2002,15,wilcoxon,A2,Winfo,,0,8,0.125,0.7,1.0,,
2002,15,linda,A0,none,5.0,0,6,0.16666666666666666,0.5,1.0,0.03333333333333333,0.997927258832577
2002,15,linda,A1,none,,0,6,0.16666666666666666,0.5,1.0,0.05555555555555555,
2002,15,linda,A2,Wdet,,0,6,0.16666666666666666,0.5,1.0,,
2002,15,linda,A2,Winfo,,0,6,0.16666666666666666,0.5,1.0,,
2002,15,zinq,A0,none,6.5,1,11,0.09090909090909091,1.0,1.0,0.033707865168539325,
2002,15,zinq,A2,Wdet,,1,11,0.09090909090909091,1.0,1.0,,
2002,15,zinq,A2,Winfo,,1,11,0.09090909090909091,1.0,1.0,,
2002,15,locom,A1n,none,33.9,60,10,0.2,0.8,0.6,0.13333333333333333,
2002,15,locom,A2,Wdet,,60,10,0.2,0.8,0.6,,
2002,15,locom,A2,Winfo,,60,10,0.2,0.8,0.6,,
2002,16,twochannel,A1,none,50.7,0,10,0.0,1.0,1.0,0.044444444444444446,
2002,16,twochannel,A2,Wdet,,0,10,0.0,1.0,1.0,,
2002,16,twochannel,A2,Winfo,,0,10,0.0,1.0,1.0,,
2002,16,wilcoxon,A0,none,0.1,0,10,0.0,1.0,1.0,0.03333333333333333,
2002,16,wilcoxon,A1,none,,0,10,0.0,1.0,1.0,0.03333333333333333,
2002,16,wilcoxon,A2,Wdet,,0,10,0.0,1.0,1.0,,
2002,16,wilcoxon,A2,Winfo,,0,10,0.0,1.0,1.0,,
2002,16,linda,A0,none,4.3,0,5,0.0,0.5,1.0,0.022222222222222223,0.9988489016997937
2002,16,linda,A1,none,,0,9,0.3333333333333333,0.6,1.0,0.07777777777777778,
2002,16,linda,A2,Wdet,,0,6,0.0,0.6,1.0,,
2002,16,linda,A2,Winfo,,0,6,0.0,0.6,1.0,,
2002,16,zinq,A0,none,5.6,1,11,0.09090909090909091,1.0,1.0,0.06741573033707865,
2002,16,zinq,A2,Wdet,,1,13,0.23076923076923078,1.0,1.0,,
2002,16,zinq,A2,Winfo,,1,13,0.23076923076923078,1.0,1.0,,
2002,16,locom,A1n,none,16.2,61,11,0.09090909090909091,1.0,1.0,0.034482758620689655,
2002,16,locom,A2,Wdet,,61,11,0.09090909090909091,1.0,1.0,,
2002,16,locom,A2,Winfo,,61,11,0.09090909090909091,1.0,1.0,,
2002,17,twochannel,A1,none,65.2,0,12,0.16666666666666666,1.0,1.0,0.08888888888888889,
2002,17,twochannel,A2,Wdet,,0,11,0.09090909090909091,1.0,1.0,,
2002,17,twochannel,A2,Winfo,,0,11,0.09090909090909091,1.0,1.0,,
2002,17,wilcoxon,A0,none,0.1,0,9,0.1111111111111111,0.8,1.0,0.07777777777777778,
2002,17,wilcoxon,A1,none,,0,9,0.1111111111111111,0.8,1.0,0.06666666666666667,
2002,17,wilcoxon,A2,Wdet,,0,10,0.2,0.8,1.0,,
2002,17,wilcoxon,A2,Winfo,,0,11,0.2727272727272727,0.8,1.0,,
2002,17,linda,A0,none,2.4,0,7,0.14285714285714285,0.6,1.0,0.03333333333333333,0.9984184052344128
2002,17,linda,A1,none,,0,7,0.14285714285714285,0.6,1.0,0.05555555555555555,
2002,17,linda,A2,Wdet,,0,7,0.14285714285714285,0.6,1.0,,
2002,17,linda,A2,Winfo,,0,8,0.125,0.7,1.0,,
2002,17,zinq,A0,none,4.5,3,9,0.1111111111111111,0.8,1.0,0.05747126436781609,
2002,17,zinq,A2,Wdet,,3,10,0.2,0.8,1.0,,
2002,17,zinq,A2,Winfo,,3,11,0.2727272727272727,0.8,1.0,,
2002,17,locom,A1n,none,16.6,59,9,0.0,0.9,1.0,0.0,
2002,17,locom,A2,Wdet,,59,10,0.0,1.0,1.0,,
2002,17,locom,A2,Winfo,,59,10,0.0,1.0,1.0,,
2002,18,twochannel,A1,none,53.8,0,9,0.0,0.9,1.0,0.011111111111111112,
2002,18,twochannel,A2,Wdet,,0,9,0.0,0.9,1.0,,
2002,18,twochannel,A2,Winfo,,0,9,0.0,0.9,1.0,,
2002,18,wilcoxon,A0,none,0.1,0,8,0.0,0.8,1.0,0.044444444444444446,
2002,18,wilcoxon,A1,none,,0,8,0.0,0.8,1.0,0.044444444444444446,
2002,18,wilcoxon,A2,Wdet,,0,8,0.0,0.8,1.0,,
2002,18,wilcoxon,A2,Winfo,,0,8,0.0,0.8,1.0,,
2002,18,linda,A0,none,2.7,0,5,0.0,0.5,1.0,0.06666666666666667,0.9979782808900094
2002,18,linda,A1,none,,0,5,0.0,0.5,1.0,0.07777777777777778,
2002,18,linda,A2,Wdet,,0,5,0.0,0.5,1.0,,
2002,18,linda,A2,Winfo,,0,5,0.0,0.5,1.0,,
2002,18,zinq,A0,none,3.7,0,8,0.0,0.8,1.0,0.03333333333333333,
2002,18,zinq,A2,Wdet,,0,8,0.0,0.8,1.0,,
2002,18,zinq,A2,Winfo,,0,8,0.0,0.8,1.0,,
2002,18,locom,A1n,none,34.9,61,8,0.0,0.8,0.8,0.03333333333333333,
2002,18,locom,A2,Wdet,,61,8,0.0,0.8,0.8,,
2002,18,locom,A2,Winfo,,61,8,0.0,0.8,0.8,,
2002,19,twochannel,A1,none,57.9,0,11,0.2727272727272727,0.8,1.0,0.07777777777777778,
2002,19,twochannel,A2,Wdet,,0,9,0.1111111111111111,0.8,1.0,,
2002,19,twochannel,A2,Winfo,,0,9,0.1111111111111111,0.8,1.0,,
2002,19,wilcoxon,A0,none,0.0,0,6,0.16666666666666666,0.5,1.0,0.08888888888888889,
2002,19,wilcoxon,A1,none,,0,6,0.16666666666666666,0.5,1.0,0.07777777777777778,
2002,19,wilcoxon,A2,Wdet,,0,5,0.0,0.5,1.0,,
2002,19,wilcoxon,A2,Winfo,,0,5,0.0,0.5,1.0,,
2002,19,linda,A0,none,3.0,0,6,0.16666666666666666,0.5,1.0,0.06666666666666667,0.997568818692376
2002,19,linda,A1,none,,0,6,0.16666666666666666,0.5,1.0,0.06666666666666667,
2002,19,linda,A2,Wdet,,0,6,0.16666666666666666,0.5,1.0,,
2002,19,linda,A2,Winfo,,0,6,0.16666666666666666,0.5,1.0,,
2002,19,zinq,A0,none,4.3,1,10,0.2,0.8,1.0,0.06741573033707865,
2002,19,zinq,A2,Wdet,,1,9,0.1111111111111111,0.8,1.0,,
2002,19,zinq,A2,Winfo,,1,10,0.2,0.8,1.0,,
2002,19,locom,A1n,none,48.2,62,5,0.0,0.5,1.0,0.06666666666666667,
2002,19,locom,A2,Wdet,,62,5,0.0,0.5,1.0,,
2002,19,locom,A2,Winfo,,62,5,0.0,0.5,1.0,,
2003,0,twochannel,A1,none,47.6,0,4,0.0,0.4,,0.05555555555555555,
2003,0,twochannel,A2,Wdet,,0,5,0.0,0.5,,,
2003,0,twochannel,A2,Winfo,,0,5,0.0,0.5,,,
2003,0,wilcoxon,A0,none,0.0,0,0,0.0,0.0,,0.03333333333333333,
2003,0,wilcoxon,A1,none,,0,0,0.0,0.0,,0.044444444444444446,
2003,0,wilcoxon,A2,Wdet,,0,1,0.0,0.1,,,
2003,0,wilcoxon,A2,Winfo,,0,1,0.0,0.1,,,
2003,0,linda,A0,none,1.9,0,0,0.0,0.0,,0.044444444444444446,0.9754301188093998
2003,0,linda,A1,none,,0,0,0.0,0.0,,0.05555555555555555,
2003,0,linda,A2,Wdet,,0,0,0.0,0.0,,,
2003,0,linda,A2,Winfo,,0,0,0.0,0.0,,,
2003,0,zinq,A0,none,3.8,6,3,0.0,0.3,,0.023809523809523808,
2003,0,zinq,A2,Wdet,,6,3,0.0,0.3,,,
2003,0,zinq,A2,Winfo,,6,3,0.0,0.3,,,
2003,0,locom,A1n,none,23.4,60,2,0.0,0.2,,0.03333333333333333,
2003,0,locom,A2,Wdet,,60,2,0.0,0.2,,,
2003,0,locom,A2,Winfo,,60,2,0.0,0.2,,,
2003,1,twochannel,A1,none,54.3,0,8,0.25,0.6,,0.06666666666666667,
2003,1,twochannel,A2,Wdet,,0,10,0.4,0.6,,,
2003,1,twochannel,A2,Winfo,,0,9,0.3333333333333333,0.6,,,
2003,1,wilcoxon,A0,none,0.0,0,5,0.4,0.3,,0.1,
2003,1,wilcoxon,A1,none,,0,6,0.3333333333333333,0.4,,0.08888888888888889,
2003,1,wilcoxon,A2,Wdet,,0,6,0.3333333333333333,0.4,,,
2003,1,wilcoxon,A2,Winfo,,0,6,0.3333333333333333,0.4,,,
2003,1,linda,A0,none,2.5,0,0,0.0,0.0,,0.06666666666666667,0.9877526224905466
2003,1,linda,A1,none,,0,0,0.0,0.0,,0.07777777777777778,
2003,1,linda,A2,Wdet,,0,0,0.0,0.0,,,
2003,1,linda,A2,Winfo,,0,0,0.0,0.0,,,
2003,1,zinq,A0,none,5.1,6,6,0.16666666666666666,0.5,,0.05952380952380952,
2003,1,zinq,A2,Wdet,,6,7,0.2857142857142857,0.5,,,
2003,1,zinq,A2,Winfo,,6,7,0.2857142857142857,0.5,,,
2003,1,locom,A1n,none,21.2,58,6,0.3333333333333333,0.4,,0.12121212121212122,
2003,1,locom,A2,Wdet,,58,6,0.3333333333333333,0.4,,,
2003,1,locom,A2,Winfo,,58,6,0.3333333333333333,0.4,,,
2003,2,twochannel,A1,none,42.4,0,7,0.14285714285714285,0.6,,0.08888888888888889,
2003,2,twochannel,A2,Wdet,,0,6,0.0,0.6,,,
2003,2,twochannel,A2,Winfo,,0,6,0.0,0.6,,,
2003,2,wilcoxon,A0,none,0.0,0,0,0.0,0.0,,0.07777777777777778,
2003,2,wilcoxon,A1,none,,0,0,0.0,0.0,,0.05555555555555555,
2003,2,wilcoxon,A2,Wdet,,0,0,0.0,0.0,,,
2003,2,wilcoxon,A2,Winfo,,0,0,0.0,0.0,,,
2003,2,linda,A0,none,2.1,0,0,0.0,0.0,,0.06666666666666667,0.9683644854673672
2003,2,linda,A1,none,,0,0,0.0,0.0,,0.06666666666666667,
2003,2,linda,A2,Wdet,,0,0,0.0,0.0,,,
2003,2,linda,A2,Winfo,,0,0,0.0,0.0,,,
2003,2,zinq,A0,none,4.1,4,0,0.0,0.0,,0.05813953488372093,
2003,2,zinq,A2,Wdet,,4,0,0.0,0.0,,,
2003,2,zinq,A2,Winfo,,4,1,0.0,0.1,,,
2003,2,locom,A1n,none,24.7,61,1,0.0,0.1,,0.03225806451612903,
2003,2,locom,A2,Wdet,,61,1,0.0,0.1,,,
2003,2,locom,A2,Winfo,,61,1,0.0,0.1,,,
2003,3,twochannel,A1,none,40.4,0,3,0.0,0.3,,0.07777777777777778,
2003,3,twochannel,A2,Wdet,,0,3,0.0,0.3,,,
2003,3,twochannel,A2,Winfo,,0,3,0.0,0.3,,,
2003,3,wilcoxon,A0,none,0.0,0,0,0.0,0.0,,0.05555555555555555,
2003,3,wilcoxon,A1,none,,0,0,0.0,0.0,,0.05555555555555555,
2003,3,wilcoxon,A2,Wdet,,0,0,0.0,0.0,,,
2003,3,wilcoxon,A2,Winfo,,0,0,0.0,0.0,,,
2003,3,linda,A0,none,2.6,0,0,0.0,0.0,,0.044444444444444446,0.9695692518381603
2003,3,linda,A1,none,,0,0,0.0,0.0,,0.05555555555555555,
2003,3,linda,A2,Wdet,,0,0,0.0,0.0,,,
2003,3,linda,A2,Winfo,,0,0,0.0,0.0,,,
2003,3,zinq,A0,none,4.8,11,0,0.0,0.0,,0.0379746835443038,
2003,3,zinq,A2,Wdet,,11,2,0.0,0.2,,,
2003,3,zinq,A2,Winfo,,11,1,0.0,0.1,,,
2003,3,locom,A1n,none,18.3,58,2,0.0,0.2,,0.0625,
2003,3,locom,A2,Wdet,,58,2,0.0,0.2,,,
2003,3,locom,A2,Winfo,,58,2,0.0,0.2,,,
2003,4,twochannel,A1,none,43.4,0,4,0.0,0.4,,0.06666666666666667,
2003,4,twochannel,A2,Wdet,,0,6,0.0,0.6,,,
2003,4,twochannel,A2,Winfo,,0,4,0.0,0.4,,,
2003,4,wilcoxon,A0,none,0.0,0,0,0.0,0.0,,0.06666666666666667,
2003,4,wilcoxon,A1,none,,0,0,0.0,0.0,,0.05555555555555555,
2003,4,wilcoxon,A2,Wdet,,0,0,0.0,0.0,,,
2003,4,wilcoxon,A2,Winfo,,0,0,0.0,0.0,,,
2003,4,linda,A0,none,2.0,0,0,0.0,0.0,,0.06666666666666667,0.9576073498744913
2003,4,linda,A1,none,,0,0,0.0,0.0,,0.08888888888888889,
2003,4,linda,A2,Wdet,,0,0,0.0,0.0,,,
2003,4,linda,A2,Winfo,,0,0,0.0,0.0,,,
2003,4,zinq,A0,none,4.2,5,3,0.0,0.3,,0.058823529411764705,
2003,4,zinq,A2,Wdet,,5,4,0.0,0.4,,,
2003,4,zinq,A2,Winfo,,5,4,0.0,0.4,,,
2003,4,locom,A1n,none,32.6,59,5,0.2,0.4,,0.03225806451612903,
2003,4,locom,A2,Wdet,,59,5,0.2,0.4,,,
2003,4,locom,A2,Winfo,,59,5,0.2,0.4,,,
2003,5,twochannel,A1,none,49.9,0,6,0.0,0.6,,0.08888888888888889,
2003,5,twochannel,A2,Wdet,,0,7,0.0,0.7,,,
2003,5,twochannel,A2,Winfo,,0,7,0.0,0.7,,,
2003,5,wilcoxon,A0,none,0.0,0,0,0.0,0.0,,0.06666666666666667,
2003,5,wilcoxon,A1,none,,0,0,0.0,0.0,,0.05555555555555555,
2003,5,wilcoxon,A2,Wdet,,0,0,0.0,0.0,,,
2003,5,wilcoxon,A2,Winfo,,0,0,0.0,0.0,,,
2003,5,linda,A0,none,2.7,0,0,0.0,0.0,,0.05555555555555555,0.9528417706934932
2003,5,linda,A1,none,,0,4,1.0,0.0,,0.12222222222222222,
2003,5,linda,A2,Wdet,,0,0,0.0,0.0,,,
2003,5,linda,A2,Winfo,,0,0,0.0,0.0,,,
2003,5,zinq,A0,none,3.5,10,4,0.0,0.4,,0.025,
2003,5,zinq,A2,Wdet,,10,5,0.0,0.5,,,
2003,5,zinq,A2,Winfo,,10,5,0.0,0.5,,,
2003,5,locom,A1n,none,26.5,62,5,0.2,0.4,,0.07142857142857142,
2003,5,locom,A2,Wdet,,62,5,0.2,0.4,,,
2003,5,locom,A2,Winfo,,62,5,0.2,0.4,,,
2003,6,twochannel,A1,none,42.7,0,8,0.0,0.8,,0.011111111111111112,
2003,6,twochannel,A2,Wdet,,0,8,0.0,0.8,,,
2003,6,twochannel,A2,Winfo,,0,8,0.0,0.8,,,
2003,6,wilcoxon,A0,none,0.0,0,0,0.0,0.0,,0.03333333333333333,
2003,6,wilcoxon,A1,none,,0,0,0.0,0.0,,0.03333333333333333,
2003,6,wilcoxon,A2,Wdet,,0,0,0.0,0.0,,,
2003,6,wilcoxon,A2,Winfo,,0,0,0.0,0.0,,,
2003,6,linda,A0,none,2.3,0,0,0.0,0.0,,0.03333333333333333,0.9345145554422745
2003,6,linda,A1,none,,0,0,0.0,0.0,,0.06666666666666667,
2003,6,linda,A2,Wdet,,0,0,0.0,0.0,,,
2003,6,linda,A2,Winfo,,0,0,0.0,0.0,,,
2003,6,zinq,A0,none,4.1,8,2,0.0,0.2,,0.012195121951219513,
2003,6,zinq,A2,Wdet,,8,2,0.0,0.2,,,
2003,6,zinq,A2,Winfo,,8,2,0.0,0.2,,,
2003,6,locom,A1n,none,14.1,60,3,0.0,0.3,,0.03225806451612903,
2003,6,locom,A2,Wdet,,60,3,0.0,0.3,,,
2003,6,locom,A2,Winfo,,60,3,0.0,0.3,,,
2003,7,twochannel,A1,none,43.1,0,6,0.0,0.6,,0.022222222222222223,
2003,7,twochannel,A2,Wdet,,0,6,0.0,0.6,,,
2003,7,twochannel,A2,Winfo,,0,6,0.0,0.6,,,
2003,7,wilcoxon,A0,none,0.0,0,0,0.0,0.0,,0.05555555555555555,
2003,7,wilcoxon,A1,none,,0,0,0.0,0.0,,0.03333333333333333,
2003,7,wilcoxon,A2,Wdet,,0,0,0.0,0.0,,,
2003,7,wilcoxon,A2,Winfo,,0,0,0.0,0.0,,,
2003,7,linda,A0,none,2.9,0,0,0.0,0.0,,0.03333333333333333,0.9565151472257574
2003,7,linda,A1,none,,0,0,0.0,0.0,,0.044444444444444446,
2003,7,linda,A2,Wdet,,0,0,0.0,0.0,,,
2003,7,linda,A2,Winfo,,0,0,0.0,0.0,,,
2003,7,zinq,A0,none,4.0,7,1,0.0,0.1,,0.03614457831325301,
2003,7,zinq,A2,Wdet,,7,1,0.0,0.1,,,
2003,7,zinq,A2,Winfo,,7,1,0.0,0.1,,,
2003,7,locom,A1n,none,12.7,61,3,0.0,0.3,,0.03333333333333333,
2003,7,locom,A2,Wdet,,61,3,0.0,0.3,,,
2003,7,locom,A2,Winfo,,61,3,0.0,0.3,,,
2003,8,twochannel,A1,none,44.8,0,5,0.0,0.5,,0.044444444444444446,
2003,8,twochannel,A2,Wdet,,0,5,0.0,0.5,,,
2003,8,twochannel,A2,Winfo,,0,5,0.0,0.5,,,
2003,8,wilcoxon,A0,none,0.0,0,2,0.0,0.2,,0.011111111111111112,
2003,8,wilcoxon,A1,none,,0,2,0.0,0.2,,0.0,
2003,8,wilcoxon,A2,Wdet,,0,2,0.0,0.2,,,
2003,8,wilcoxon,A2,Winfo,,0,2,0.0,0.2,,,
2003,8,linda,A0,none,2.6,0,0,0.0,0.0,,0.022222222222222223,0.958062625019765
2003,8,linda,A1,none,,0,0,0.0,0.0,,0.07777777777777778,
2003,8,linda,A2,Wdet,,0,0,0.0,0.0,,,
2003,8,linda,A2,Winfo,,0,0,0.0,0.0,,,
2003,8,zinq,A0,none,4.4,7,4,0.0,0.4,,0.024096385542168676,
2003,8,zinq,A2,Wdet,,7,4,0.0,0.4,,,
2003,8,zinq,A2,Winfo,,7,5,0.0,0.5,,,
2003,8,locom,A1n,none,10.4,62,3,0.0,0.3,,0.06666666666666667,
2003,8,locom,A2,Wdet,,62,3,0.0,0.3,,,
2003,8,locom,A2,Winfo,,62,3,0.0,0.3,,,
2003,9,twochannel,A1,none,41.8,0,6,0.0,0.6,,0.03333333333333333,
2003,9,twochannel,A2,Wdet,,0,6,0.0,0.6,,,
2003,9,twochannel,A2,Winfo,,0,6,0.0,0.6,,,
2003,9,wilcoxon,A0,none,0.0,0,1,0.0,0.1,,0.022222222222222223,
2003,9,wilcoxon,A1,none,,0,0,0.0,0.0,,0.022222222222222223,
2003,9,wilcoxon,A2,Wdet,,0,2,0.0,0.2,,,
2003,9,wilcoxon,A2,Winfo,,0,2,0.0,0.2,,,
2003,9,linda,A0,none,2.2,0,0,0.0,0.0,,0.022222222222222223,0.9468665161817537
2003,9,linda,A1,none,,0,0,0.0,0.0,,0.03333333333333333,
2003,9,linda,A2,Wdet,,0,0,0.0,0.0,,,
2003,9,linda,A2,Winfo,,0,0,0.0,0.0,,,
2003,9,zinq,A0,none,5.1,9,1,0.0,0.1,,0.0,
2003,9,zinq,A2,Wdet,,9,1,0.0,0.1,,,
2003,9,zinq,A2,Winfo,,9,1,0.0,0.1,,,
2003,9,locom,A1n,none,20.6,63,3,0.0,0.3,,0.07142857142857142,
2003,9,locom,A2,Wdet,,63,3,0.0,0.3,,,
2003,9,locom,A2,Winfo,,63,3,0.0,0.3,,,
2003,10,twochannel,A1,none,47.4,0,8,0.0,0.8,,0.08888888888888889,
2003,10,twochannel,A2,Wdet,,0,9,0.0,0.9,,,
2003,10,twochannel,A2,Winfo,,0,9,0.0,0.9,,,
2003,10,wilcoxon,A0,none,0.0,0,0,0.0,0.0,,0.07777777777777778,
2003,10,wilcoxon,A1,none,,0,0,0.0,0.0,,0.044444444444444446,
2003,10,wilcoxon,A2,Wdet,,0,0,0.0,0.0,,,
2003,10,wilcoxon,A2,Winfo,,0,0,0.0,0.0,,,
2003,10,linda,A0,none,2.1,0,0,0.0,0.0,,0.03333333333333333,0.9449190715969233
2003,10,linda,A1,none,,0,0,0.0,0.0,,0.044444444444444446,
2003,10,linda,A2,Wdet,,0,0,0.0,0.0,,,
2003,10,linda,A2,Winfo,,0,0,0.0,0.0,,,
2003,10,zinq,A0,none,4.7,9,4,0.0,0.4,,0.037037037037037035,
2003,10,zinq,A2,Wdet,,9,5,0.0,0.5,,,
2003,10,zinq,A2,Winfo,,9,5,0.0,0.5,,,
2003,10,locom,A1n,none,34.1,59,3,0.3333333333333333,0.2,,0.03225806451612903,
2003,10,locom,A2,Wdet,,59,3,0.3333333333333333,0.2,,,
2003,10,locom,A2,Winfo,,59,3,0.3333333333333333,0.2,,,
2003,11,twochannel,A1,none,36.4,0,0,0.0,0.0,,0.03333333333333333,
2003,11,twochannel,A2,Wdet,,0,0,0.0,0.0,,,
2003,11,twochannel,A2,Winfo,,0,0,0.0,0.0,,,
2003,11,wilcoxon,A0,none,0.0,0,0,0.0,0.0,,0.044444444444444446,
2003,11,wilcoxon,A1,none,,0,0,0.0,0.0,,0.03333333333333333,
2003,11,wilcoxon,A2,Wdet,,0,0,0.0,0.0,,,
2003,11,wilcoxon,A2,Winfo,,0,0,0.0,0.0,,,
2003,11,linda,A0,none,1.7,0,0,0.0,0.0,,0.044444444444444446,0.8896190364777503
2003,11,linda,A1,none,,0,0,0.0,0.0,,0.03333333333333333,
2003,11,linda,A2,Wdet,,0,0,0.0,0.0,,,
2003,11,linda,A2,Winfo,,0,0,0.0,0.0,,,
2003,11,zinq,A0,none,4.7,9,0,0.0,0.0,,0.012345679012345678,
2003,11,zinq,A2,Wdet,,9,0,0.0,0.0,,,
2003,11,zinq,A2,Winfo,,9,0,0.0,0.0,,,
2003,11,locom,A1n,none,12.4,62,0,0.0,0.0,,0.03333333333333333,
2003,11,locom,A2,Wdet,,62,0,0.0,0.0,,,
2003,11,locom,A2,Winfo,,62,0,0.0,0.0,,,
2003,12,twochannel,A1,none,41.5,0,2,0.0,0.2,,0.044444444444444446,
2003,12,twochannel,A2,Wdet,,0,2,0.0,0.2,,,
2003,12,twochannel,A2,Winfo,,0,2,0.0,0.2,,,
2003,12,wilcoxon,A0,none,0.0,0,0,0.0,0.0,,0.05555555555555555,
2003,12,wilcoxon,A1,none,,0,0,0.0,0.0,,0.044444444444444446,
2003,12,wilcoxon,A2,Wdet,,0,0,0.0,0.0,,,
2003,12,wilcoxon,A2,Winfo,,0,0,0.0,0.0,,,
2003,12,linda,A0,none,2.0,0,0,0.0,0.0,,0.06666666666666667,0.9813710316408515
2003,12,linda,A1,none,,0,0,0.0,0.0,,0.07777777777777778,
2003,12,linda,A2,Wdet,,0,0,0.0,0.0,,,
2003,12,linda,A2,Winfo,,0,0,0.0,0.0,,,
2003,12,zinq,A0,none,4.7,10,0,0.0,0.0,,0.05,
2003,12,zinq,A2,Wdet,,10,1,0.0,0.1,,,
2003,12,zinq,A2,Winfo,,10,1,0.0,0.1,,,
2003,12,locom,A1n,none,31.2,62,0,0.0,0.0,,0.06896551724137931,
2003,12,locom,A2,Wdet,,62,0,0.0,0.0,,,
2003,12,locom,A2,Winfo,,62,0,0.0,0.0,,,
2003,13,twochannel,A1,none,39.2,0,5,0.0,0.5,,0.06666666666666667,
2003,13,twochannel,A2,Wdet,,0,7,0.0,0.7,,,
2003,13,twochannel,A2,Winfo,,0,6,0.0,0.6,,,
2003,13,wilcoxon,A0,none,0.0,0,2,0.0,0.2,,0.03333333333333333,
2003,13,wilcoxon,A1,none,,0,2,0.0,0.2,,0.022222222222222223,
2003,13,wilcoxon,A2,Wdet,,0,2,0.0,0.2,,,
2003,13,wilcoxon,A2,Winfo,,0,2,0.0,0.2,,,
2003,13,linda,A0,none,2.8,0,0,0.0,0.0,,0.044444444444444446,0.9688954119742992
2003,13,linda,A1,none,,0,0,0.0,0.0,,0.044444444444444446,
2003,13,linda,A2,Wdet,,0,0,0.0,0.0,,,
2003,13,linda,A2,Winfo,,0,0,0.0,0.0,,,
2003,13,zinq,A0,none,4.0,14,4,0.0,0.4,,0.02631578947368421,
2003,13,zinq,A2,Wdet,,14,5,0.0,0.5,,,
2003,13,zinq,A2,Winfo,,14,5,0.0,0.5,,,
2003,13,locom,A1n,none,22.2,59,4,0.0,0.4,,0.03225806451612903,
2003,13,locom,A2,Wdet,,59,4,0.0,0.4,,,
2003,13,locom,A2,Winfo,,59,4,0.0,0.4,,,
2003,14,twochannel,A1,none,46.6,0,6,0.0,0.6,,0.06666666666666667,
2003,14,twochannel,A2,Wdet,,0,8,0.0,0.8,,,
2003,14,twochannel,A2,Winfo,,0,8,0.0,0.8,,,
2003,14,wilcoxon,A0,none,0.0,0,3,0.0,0.3,,0.044444444444444446,
2003,14,wilcoxon,A1,none,,0,2,0.0,0.2,,0.03333333333333333,
2003,14,wilcoxon,A2,Wdet,,0,2,0.0,0.2,,,
2003,14,wilcoxon,A2,Winfo,,0,2,0.0,0.2,,,
2003,14,linda,A0,none,1.3,0,0,0.0,0.0,,0.044444444444444446,0.9678446840422469
2003,14,linda,A1,none,,0,0,0.0,0.0,,0.07777777777777778,
2003,14,linda,A2,Wdet,,0,0,0.0,0.0,,,
2003,14,linda,A2,Winfo,,0,0,0.0,0.0,,,
2003,14,zinq,A0,none,2.3,6,2,0.0,0.2,,0.03571428571428571,
2003,14,zinq,A2,Wdet,,6,2,0.0,0.2,,,
2003,14,zinq,A2,Winfo,,6,2,0.0,0.2,,,
2003,14,locom,A1n,none,11.6,63,5,0.0,0.5,,0.034482758620689655,
2003,14,locom,A2,Wdet,,63,5,0.0,0.5,,,
2003,14,locom,A2,Winfo,,63,5,0.0,0.5,,,
2003,15,twochannel,A1,none,51.2,0,9,0.2222222222222222,0.7,,0.08888888888888889,
2003,15,twochannel,A2,Wdet,,0,9,0.1111111111111111,0.8,,,
2003,15,twochannel,A2,Winfo,,0,8,0.0,0.8,,,
2003,15,wilcoxon,A0,none,0.0,0,2,0.0,0.2,,0.044444444444444446,
2003,15,wilcoxon,A1,none,,0,2,0.0,0.2,,0.044444444444444446,
2003,15,wilcoxon,A2,Wdet,,0,2,0.0,0.2,,,
2003,15,wilcoxon,A2,Winfo,,0,2,0.0,0.2,,,
2003,15,linda,A0,none,2.5,0,0,0.0,0.0,,0.03333333333333333,0.9534634319549132
2003,15,linda,A1,none,,0,0,0.0,0.0,,0.03333333333333333,
2003,15,linda,A2,Wdet,,0,0,0.0,0.0,,,
2003,15,linda,A2,Winfo,,0,0,0.0,0.0,,,
2003,15,zinq,A0,none,3.5,6,6,0.0,0.6,,0.03571428571428571,
2003,15,zinq,A2,Wdet,,6,6,0.0,0.6,,,
2003,15,zinq,A2,Winfo,,6,6,0.0,0.6,,,
2003,15,locom,A1n,none,9.0,62,7,0.0,0.7,,0.03571428571428571,
2003,15,locom,A2,Wdet,,62,7,0.0,0.7,,,
2003,15,locom,A2,Winfo,,62,8,0.0,0.8,,,
2003,16,twochannel,A1,none,42.3,0,6,0.0,0.6,,0.05555555555555555,
2003,16,twochannel,A2,Wdet,,0,8,0.125,0.7,,,
2003,16,twochannel,A2,Winfo,,0,7,0.14285714285714285,0.6,,,
2003,16,wilcoxon,A0,none,0.0,0,0,0.0,0.0,,0.08888888888888889,
2003,16,wilcoxon,A1,none,,0,0,0.0,0.0,,0.08888888888888889,
2003,16,wilcoxon,A2,Wdet,,0,0,0.0,0.0,,,
2003,16,wilcoxon,A2,Winfo,,0,0,0.0,0.0,,,
2003,16,linda,A0,none,1.9,0,0,0.0,0.0,,0.06666666666666667,0.9564806773357964
2003,16,linda,A1,none,,0,0,0.0,0.0,,0.07777777777777778,
2003,16,linda,A2,Wdet,,0,0,0.0,0.0,,,
2003,16,linda,A2,Winfo,,0,0,0.0,0.0,,,
2003,16,zinq,A0,none,4.1,9,6,0.16666666666666666,0.5,,0.037037037037037035,
2003,16,zinq,A2,Wdet,,9,6,0.16666666666666666,0.5,,,
2003,16,zinq,A2,Winfo,,9,6,0.16666666666666666,0.5,,,
2003,16,locom,A1n,none,26.8,57,5,0.0,0.5,,0.058823529411764705,
2003,16,locom,A2,Wdet,,57,5,0.0,0.5,,,
2003,16,locom,A2,Winfo,,57,5,0.0,0.5,,,
2003,17,twochannel,A1,none,45.7,0,6,0.0,0.6,,0.05555555555555555,
2003,17,twochannel,A2,Wdet,,0,6,0.0,0.6,,,
2003,17,twochannel,A2,Winfo,,0,6,0.0,0.6,,,
2003,17,wilcoxon,A0,none,0.0,0,0,0.0,0.0,,0.06666666666666667,
2003,17,wilcoxon,A1,none,,0,0,0.0,0.0,,0.06666666666666667,
2003,17,wilcoxon,A2,Wdet,,0,0,0.0,0.0,,,
2003,17,wilcoxon,A2,Winfo,,0,0,0.0,0.0,,,
2003,17,linda,A0,none,1.9,0,0,0.0,0.0,,0.05555555555555555,0.9252140743525982
2003,17,linda,A1,none,,0,0,0.0,0.0,,0.06666666666666667,
2003,17,linda,A2,Wdet,,0,0,0.0,0.0,,,
2003,17,linda,A2,Winfo,,0,0,0.0,0.0,,,
2003,17,zinq,A0,none,3.9,6,5,0.0,0.5,,0.011904761904761904,
2003,17,zinq,A2,Wdet,,6,6,0.0,0.6,,,
2003,17,zinq,A2,Winfo,,6,6,0.0,0.6,,,
2003,17,locom,A1n,none,18.8,67,2,0.0,0.2,,0.12,
2003,17,locom,A2,Wdet,,67,2,0.0,0.2,,,
2003,17,locom,A2,Winfo,,67,2,0.0,0.2,,,
2003,18,twochannel,A1,none,48.6,0,4,0.25,0.3,,0.06666666666666667,
2003,18,twochannel,A2,Wdet,,0,5,0.2,0.4,,,
2003,18,twochannel,A2,Winfo,,0,5,0.2,0.4,,,
2003,18,wilcoxon,A0,none,0.0,0,0,0.0,0.0,,0.06666666666666667,
2003,18,wilcoxon,A1,none,,0,0,0.0,0.0,,0.044444444444444446,
2003,18,wilcoxon,A2,Wdet,,0,0,0.0,0.0,,,
2003,18,wilcoxon,A2,Winfo,,0,0,0.0,0.0,,,
2003,18,linda,A0,none,2.2,0,0,0.0,0.0,,0.044444444444444446,0.9661524711880957
2003,18,linda,A1,none,,0,0,0.0,0.0,,0.05555555555555555,
2003,18,linda,A2,Wdet,,0,0,0.0,0.0,,,
2003,18,linda,A2,Winfo,,0,0,0.0,0.0,,,
2003,18,zinq,A0,none,3.4,5,2,0.0,0.2,,0.047058823529411764,
2003,18,zinq,A2,Wdet,,5,2,0.0,0.2,,,
2003,18,zinq,A2,Winfo,,5,2,0.0,0.2,,,
2003,18,locom,A1n,none,28.7,57,0,0.0,0.0,,0.029411764705882353,
2003,18,locom,A2,Wdet,,57,0,0.0,0.0,,,
2003,18,locom,A2,Winfo,,57,0,0.0,0.0,,,
2003,19,twochannel,A1,none,26.1,0,6,0.16666666666666666,0.5,,0.06666666666666667,
2003,19,twochannel,A2,Wdet,,0,7,0.14285714285714285,0.6,,,
2003,19,twochannel,A2,Winfo,,0,7,0.14285714285714285,0.6,,,
2003,19,wilcoxon,A0,none,0.0,0,1,0.0,0.1,,0.044444444444444446,
2003,19,wilcoxon,A1,none,,0,0,0.0,0.0,,0.03333333333333333,
2003,19,wilcoxon,A2,Wdet,,0,0,0.0,0.0,,,
2003,19,wilcoxon,A2,Winfo,,0,1,0.0,0.1,,,
2003,19,linda,A0,none,1.2,0,0,0.0,0.0,,0.011111111111111112,0.9562037325518183
2003,19,linda,A1,none,,0,0,0.0,0.0,,0.044444444444444446,
2003,19,linda,A2,Wdet,,0,0,0.0,0.0,,,
2003,19,linda,A2,Winfo,,0,0,0.0,0.0,,,
2003,19,zinq,A0,none,2.3,14,3,0.0,0.3,,0.013157894736842105,
2003,19,zinq,A2,Wdet,,14,3,0.0,0.3,,,
2003,19,zinq,A2,Winfo,,14,3,0.0,0.3,,,
2003,19,locom,A1n,none,10.8,60,5,0.0,0.5,,0.03225806451612903,
2003,19,locom,A2,Wdet,,60,5,0.0,0.5,,,
2003,19,locom,A2,Winfo,,60,5,0.0,0.5,,,
