cell,rep,failed,n_tested,n_filtered,nrej,fdp,tpr,nrej_ss,fdp_ss,tpr_ss,szero_n,szero_hitP,typeI,secs
2000,0,0,55,45,13,0.3076923076923077,0.9,3,0.0,0.3,3,0,0.28888888888888886,15.6
2000,1,0,50,50,16,0.375,1.0,1,1.0,0.0,3,0,0.3,15.1
2000,2,0,49,51,15,0.3333333333333333,1.0,5,0.2,0.4,0,0,0.23076923076923078,12.9
2000,3,0,48,52,12,0.16666666666666666,1.0,0,0.0,0.0,1,0,0.2894736842105263,14.3
2000,4,0,47,53,13,0.23076923076923078,1.0,1,0.0,0.1,6,0,0.2702702702702703,12.6
2000,5,0,57,43,17,0.4117647058823529,1.0,0,0.0,0.0,1,0,0.3191489361702128,15.3
2000,6,0,51,49,14,0.2857142857142857,1.0,1,1.0,0.0,2,0,0.2682926829268293,15.0
2000,7,0,53,47,13,0.23076923076923078,1.0,1,0.0,0.1,0,0,0.20930232558139536,16.3
2000,8,0,52,48,17,0.4117647058823529,1.0,1,0.0,0.1,1,0,0.3333333333333333,15.5
2000,9,0,56,44,19,0.47368421052631576,1.0,4,0.25,0.3,1,0,0.32608695652173914,13.4
2000,10,0,52,48,19,0.47368421052631576,1.0,3,0.0,0.3,2,0,0.42857142857142855,13.4
2000,11,0,57,43,17,0.4117647058823529,1.0,3,0.3333333333333333,0.2,3,0,0.2978723404255319,15.8
2000,12,0,51,49,11,0.09090909090909091,1.0,2,0.0,0.2,3,0,0.17073170731707318,14.7
2000,13,0,55,45,18,0.4444444444444444,1.0,2,0.0,0.2,3,0,0.4,15.0
2000,14,0,54,46,17,0.4117647058823529,1.0,2,0.0,0.2,3,0,0.2727272727272727,15.4
2000,15,0,53,47,12,0.16666666666666666,1.0,5,0.2,0.4,3,0,0.23255813953488372,15.1
2000,16,0,46,54,16,0.375,1.0,1,1.0,0.0,0,0,0.3055555555555556,10.8
2000,17,0,50,50,15,0.3333333333333333,1.0,1,0.0,0.1,5,0,0.3,13.0
2000,18,0,51,49,14,0.42857142857142855,0.8,2,0.0,0.2,1,0,0.21951219512195122,14.8
2000,19,0,57,43,19,0.47368421052631576,1.0,1,1.0,0.0,1,0,0.3829787234042553,16.0
2001,0,0,57,43,6,0.6666666666666666,0.2,2,0.0,0.2,2,0,0.2765957446808511,15.8
2001,1,0,49,51,8,0.875,0.1,1,0.0,0.1,0,0,0.41025641025641024,12.9
2001,2,0,50,50,4,0.5,0.2,3,0.3333333333333333,0.2,1,0,0.15,14.7
2001,3,0,56,44,8,1.0,0.0,1,1.0,0.0,2,0,0.34782608695652173,15.0
2001,4,0,54,46,6,1.0,0.0,1,1.0,0.0,3,0,0.29545454545454547,13.8
2001,5,0,52,48,5,0.6,0.2,2,0.0,0.2,1,0,0.21428571428571427,14.4
2001,6,0,57,43,10,0.9,0.1,2,0.5,0.1,2,0,0.3617021276595745,16.3
2001,7,0,56,44,10,0.7,0.3,3,0.0,0.3,0,0,0.43478260869565216,16.7
2001,8,0,61,39,7,0.7142857142857143,0.2,2,0.0,0.2,0,0,0.27450980392156865,19.4
2001,9,0,59,41,11,0.9090909090909091,0.1,1,0.0,0.1,1,0,0.46938775510204084,18.7
2001,10,0,50,50,8,0.875,0.1,1,0.0,0.1,0,0,0.4,18.6
2001,11,0,47,53,8,0.875,0.1,1,0.0,0.1,2,0,0.2972972972972973,16.2
2001,12,0,56,44,6,1.0,0.0,0,0.0,0.0,3,0,0.32608695652173914,17.0
2001,13,0,58,42,11,0.7272727272727273,0.3,3,0.0,0.3,0,0,0.4166666666666667,16.1
2001,14,0,47,53,5,0.8,0.1,1,0.0,0.1,0,0,0.40540540540540543,12.5
2001,15,0,54,46,5,0.8,0.1,1,0.0,0.1,0,0,0.1590909090909091,15.5
2001,16,0,53,47,4,1.0,0.0,1,1.0,0.0,1,0,0.2558139534883721,14.6
2001,17,0,57,43,8,1.0,0.0,0,0.0,0.0,2,0,0.40425531914893614,16.0
2001,18,0,51,49,12,0.9166666666666666,0.1,2,0.5,0.1,1,0,0.4146341463414634,14.0
2001,19,0,56,44,10,0.8,0.2,3,0.3333333333333333,0.2,2,0,0.34782608695652173,15.6
2002,0,0,54,46,17,0.6470588235294118,0.6,5,0.2,0.4,1,0,0.36363636363636365,0.0
2002,1,0,45,55,10,0.4,0.6,3,0.0,0.3,2,0,0.22857142857142856,14.1
2002,2,0,52,48,7,0.2857142857142857,0.5,1,0.0,0.1,1,0,0.21428571428571427,15.4
2002,3,0,56,44,13,0.38461538461538464,0.8,4,0.0,0.4,3,0,0.34782608695652173,16.8
2002,4,0,56,44,14,0.6428571428571429,0.5,1,1.0,0.0,3,0,0.2826086956521739,15.2
2002,5,0,58,42,15,0.6666666666666666,0.5,2,0.0,0.2,0,0,0.3333333333333333,17.1
2002,6,0,54,46,16,0.6875,0.5,0,0.0,0.0,1,0,0.4090909090909091,15.3
2002,7,0,55,45,11,0.5454545454545454,0.5,2,0.0,0.2,0,0,0.3111111111111111,16.8
2002,8,0,56,44,7,0.2857142857142857,0.5,1,0.0,0.1,2,0,0.2608695652173913,16.8
2002,9,0,56,44,11,0.6363636363636364,0.4,1,1.0,0.0,0,0,0.34782608695652173,16.5
2002,10,0,56,44,8,0.25,0.6,1,0.0,0.1,0,0,0.17391304347826086,16.4
2002,11,0,56,44,10,0.4,0.6,2,0.0,0.2,5,0,0.2391304347826087,16.3
2002,12,0,47,53,13,0.5384615384615384,0.6,2,0.0,0.2,3,0,0.35135135135135137,13.9
2002,13,0,55,45,8,0.375,0.5,0,0.0,0.0,1,0,0.28888888888888886,29.2
2002,14,0,58,42,11,0.5454545454545454,0.5,1,0.0,0.1,0,0,0.22916666666666666,31.9
2002,15,0,51,49,17,0.6470588235294118,0.6,3,0.3333333333333333,0.2,1,0,0.4146341463414634,24.8
2002,16,0,56,44,12,0.5833333333333334,0.5,2,0.5,0.1,1,0,0.41304347826086957,21.2
2002,17,0,57,43,13,0.5384615384615384,0.6,3,0.3333333333333333,0.2,1,0,0.3829787234042553,17.1
2002,18,0,54,46,9,0.4444444444444444,0.5,1,1.0,0.0,0,0,0.3181818181818182,15.0
2002,19,0,53,47,9,0.4444444444444444,0.5,1,1.0,0.0,0,0,0.32558139534883723,14.4
2003,0,0,56,44,16,0.5,0.8,2,0.0,0.2,5,0,0.32608695652173914,15.2
2003,1,0,53,47,11,0.2727272727272727,0.8,2,0.0,0.2,4,0,0.27906976744186046,14.5
2003,2,0,63,37,14,0.5714285714285714,0.6,1,0.0,0.1,3,0,0.39622641509433965,16.3
2003,3,0,59,41,17,0.5294117647058824,0.8,2,0.5,0.1,8,0,0.3877551020408163,15.7
2003,4,0,51,49,10,0.2,0.8,2,0.0,0.2,5,0,0.24390243902439024,15.3
2003,5,0,50,50,11,0.2727272727272727,0.8,0,0.0,0.0,9,0,0.275,12.0
2003,6,0,56,44,11,0.18181818181818182,0.9,0,0.0,0.0,6,0,0.2391304347826087,17.3
2003,7,0,55,45,11,0.36363636363636365,0.7,0,0.0,0.0,3,0,0.28888888888888886,14.6
2003,8,0,54,46,12,0.5,0.6,1,0.0,0.1,6,0,0.29545454545454547,15.0
2003,9,0,50,50,20,0.5,1.0,2,0.5,0.1,8,0,0.4,12.8
2003,10,0,52,48,10,0.1,0.9,0,0.0,0.0,10,0,0.14285714285714285,14.3
2003,11,0,52,48,15,0.4666666666666667,0.8,0,0.0,0.0,7,0,0.23809523809523808,10.8
2003,12,0,54,46,14,0.5,0.7,1,1.0,0.0,6,0,0.36363636363636365,15.0
2003,13,0,53,47,13,0.5384615384615384,0.6,2,0.0,0.2,10,0,0.4186046511627907,15.2
2003,14,0,57,43,12,0.3333333333333333,0.8,0,0.0,0.0,4,0,0.3191489361702128,12.2
2003,15,0,49,51,15,0.4666666666666667,0.8,1,1.0,0.0,5,0,0.3333333333333333,12.4
2003,16,0,55,45,16,0.375,1.0,0,0.0,0.0,9,0,0.28888888888888886,15.2
2003,17,0,53,47,16,0.5,0.8,0,0.0,0.0,7,0,0.3023255813953488,15.1
2003,18,0,54,46,12,0.3333333333333333,0.8,1,1.0,0.0,5,0,0.22727272727272727,14.9
2003,19,0,55,45,13,0.38461538461538464,0.8,0,0.0,0.0,7,0,0.28888888888888886,14.6
2004,0,0,52,48,15,0.4666666666666667,0.8,0,0.0,0.0,1,0,0.38095238095238093,14.4
2004,1,0,54,46,14,0.42857142857142855,0.8,0,0.0,0.0,4,0,0.29545454545454547,13.3
2004,2,0,55,45,18,0.5,0.9,1,0.0,0.1,0,0,0.28888888888888886,15.3
2004,3,0,56,44,14,0.42857142857142855,0.8,2,0.5,0.1,1,0,0.2608695652173913,13.2
2004,4,0,56,44,16,0.5,0.8,1,0.0,0.1,0,0,0.2826086956521739,15.5
2004,5,0,54,46,13,0.38461538461538464,0.8,3,0.3333333333333333,0.2,3,0,0.2727272727272727,15.6
2004,6,0,49,51,16,0.5,0.8,1,0.0,0.1,0,0,0.3076923076923077,14.1
2004,7,0,56,44,17,0.5294117647058824,0.8,2,0.5,0.1,1,0,0.32608695652173914,15.7
2004,8,0,52,48,20,0.55,0.9,1,1.0,0.0,1,0,0.42857142857142855,13.8
2004,9,0,56,44,16,0.4375,0.9,2,0.0,0.2,0,0,0.30434782608695654,15.7
2004,10,0,56,44,14,0.35714285714285715,0.9,0,0.0,0.0,3,0,0.32608695652173914,16.0
2004,11,0,54,46,18,0.5555555555555556,0.8,2,0.0,0.2,0,0,0.4090909090909091,14.3
2004,12,0,56,44,16,0.375,1.0,0,0.0,0.0,0,0,0.2608695652173913,15.0
2004,13,0,52,48,11,0.2727272727272727,0.8,0,0.0,0.0,1,0,0.4523809523809524,14.6
2004,14,0,61,39,13,0.3076923076923077,0.9,2,0.0,0.2,3,0,0.27450980392156865,16.9
2004,15,0,55,45,16,0.4375,0.9,3,0.0,0.3,0,0,0.3333333333333333,14.3
2004,16,0,51,49,14,0.42857142857142855,0.8,1,0.0,0.1,2,0,0.24390243902439024,14.0
2004,17,0,51,49,14,0.42857142857142855,0.8,0,0.0,0.0,0,0,0.2682926829268293,14.3
2004,18,0,53,47,8,0.25,0.6,1,0.0,0.1,0,0,0.27906976744186046,14.4
2004,19,0,44,56,13,0.3076923076923077,0.9,0,0.0,0.0,1,0,0.2647058823529412,12.8
2005,0,0,59,41,18,0.7222222222222222,0.5,7,0.2857142857142857,0.5,0,0,0.43137254901960786,15.3
2005,1,0,61,39,28,0.7142857142857143,0.8,11,0.2727272727272727,0.8,0,0,0.6470588235294118,15.3
2005,2,0,61,39,28,0.8214285714285714,0.5,17,0.7058823529411765,0.5,0,0,0.7407407407407407,16.7
2005,3,0,58,42,23,0.6521739130434783,0.8,12,0.3333333333333333,0.8,0,0,0.5102040816326531,15.4
2005,4,0,57,43,24,0.75,0.6,19,0.6842105263157895,0.6,0,0,0.6382978723404256,15.4
2005,5,0,63,37,21,0.6666666666666666,0.7,12,0.4166666666666667,0.7,0,0,0.48148148148148145,17.3
2005,6,0,68,32,22,0.9090909090909091,0.2,11,0.8181818181818182,0.2,0,0,0.5666666666666667,18.4
2005,7,0,62,38,22,0.6818181818181818,0.7,11,0.36363636363636365,0.7,1,0,0.5384615384615384,16.5
2005,8,0,55,45,23,0.7391304347826086,0.6,19,0.7368421052631579,0.5,0,0,0.5869565217391305,16.1
2005,9,0,61,39,22,0.7272727272727273,0.6,12,0.5833333333333334,0.5,0,0,0.4807692307692308,16.9
2005,10,0,60,40,17,0.8235294117647058,0.3,9,0.7777777777777778,0.2,0,0,0.5490196078431373,16.4
2005,11,0,51,49,23,0.6956521739130435,0.7,11,0.36363636363636365,0.7,0,0,0.5,15.6
2005,12,0,66,34,30,0.7333333333333333,0.8,21,0.6666666666666666,0.7,0,0,0.6140350877192983,16.2
2005,13,0,50,50,25,0.68,0.8,11,0.2727272727272727,0.8,0,0,0.4878048780487805,14.1
2005,14,0,60,40,21,0.9047619047619048,0.2,7,0.7142857142857143,0.2,0,0,0.6851851851851852,16.3
2005,15,0,66,34,25,0.76,0.6,8,0.25,0.6,0,0,0.603448275862069,17.2
2005,16,0,62,38,15,0.5333333333333333,0.7,8,0.125,0.7,1,0,0.41509433962264153,17.2
2005,17,0,65,35,25,0.68,0.8,7,0.0,0.7,0,0,0.509090909090909,17.6
2005,18,0,53,47,19,0.5789473684210527,0.8,8,0.0,0.8,0,0,0.4186046511627907,14.9
2005,19,0,58,42,19,0.7368421052631579,0.5,9,0.5555555555555556,0.4,0,0,0.5,16.4
2006,0,0,67,33,21,0.6666666666666666,0.7,7,0.14285714285714285,0.6,0,0,0.5333333333333333,18.1
2006,1,0,71,29,23,0.6956521739130435,0.7,5,0.0,0.5,0,0,0.40625,18.4
2006,2,0,70,30,24,0.625,0.9,11,0.36363636363636365,0.7,0,0,0.45901639344262296,17.9
2006,3,0,76,24,23,0.6956521739130435,0.7,6,0.16666666666666666,0.5,0,0,0.34782608695652173,19.4
2006,4,0,68,32,16,0.5,0.8,11,0.2727272727272727,0.8,0,0,0.4406779661016949,14.8
2006,5,0,79,21,33,0.696969696969697,1.0,14,0.5714285714285714,0.6,0,0,0.4782608695652174,20.5
2006,6,0,76,24,40,0.825,0.7,20,0.7,0.6,0,0,0.6764705882352942,17.0
2006,7,0,78,22,27,0.7037037037037037,0.8,12,0.5,0.6,0,0,0.5147058823529411,19.9
2006,8,0,75,25,21,0.5714285714285714,0.9,9,0.0,0.9,1,0,0.4461538461538462,19.1
2006,9,0,67,33,21,0.7619047619047619,0.5,7,0.42857142857142855,0.4,0,0,0.5166666666666667,17.6
2006,10,0,70,30,17,0.6470588235294118,0.6,7,0.2857142857142857,0.5,1,0,0.3548387096774194,18.2
2006,11,0,73,27,36,0.8055555555555556,0.7,14,0.6428571428571429,0.5,0,0,0.5692307692307692,20.7
2006,12,0,71,29,17,0.47058823529411764,0.9,9,0.2222222222222222,0.7,0,0,0.3225806451612903,20.5
2006,13,0,69,31,35,0.8,0.7,13,0.7692307692307693,0.3,0,0,0.7096774193548387,16.3
2006,14,0,79,21,26,0.6153846153846154,1.0,10,0.0,1.0,0,0,0.43478260869565216,19.3
2006,15,0,68,32,16,0.6875,0.5,8,0.375,0.5,0,0,0.4426229508196721,17.4
2006,16,0,66,34,13,0.46153846153846156,0.7,6,0.16666666666666666,0.5,2,0,0.288135593220339,16.7
2006,17,0,71,29,17,0.5294117647058824,0.8,5,0.2,0.4,0,0,0.41935483870967744,18.8
2006,18,0,77,23,28,0.7857142857142857,0.6,7,0.14285714285714285,0.6,0,0,0.463768115942029,18.5
2006,19,0,72,28,29,0.6896551724137931,0.9,7,0.14285714285714285,0.6,0,0,0.5,18.6
2007,0,0,89,11,14,0.35714285714285715,0.9,0,0.0,0.0,0,0,0.2125,19.9
2007,1,0,79,21,10,0.2,0.8,1,0.0,0.1,0,0,0.11267605633802817,17.2
2007,2,0,78,22,11,0.36363636363636365,0.7,0,0.0,0.0,3,0,0.2535211267605634,17.1
2007,3,0,80,20,16,0.4375,0.9,0,0.0,0.0,1,0,0.14084507042253522,17.6
2007,4,0,80,20,15,0.4666666666666667,0.8,0,0.0,0.0,1,0,0.4722222222222222,18.7
2007,5,0,85,15,12,0.16666666666666666,1.0,1,0.0,0.1,0,0,0.10666666666666667,17.3
2007,6,0,84,16,11,0.36363636363636365,0.7,0,0.0,0.0,1,0,0.14285714285714285,18.8
2007,7,0,78,22,12,0.25,0.9,2,0.0,0.2,1,0,0.2318840579710145,16.3
2007,8,0,81,19,15,0.4666666666666667,0.8,1,1.0,0.0,1,0,0.1780821917808219,16.5
2007,9,0,80,20,9,0.2222222222222222,0.7,0,0.0,0.0,2,0,0.1506849315068493,19.1
2007,10,0,82,18,9,0.1111111111111111,0.8,1,0.0,0.1,1,0,0.16216216216216217,17.7
2007,11,0,85,15,15,0.3333333333333333,1.0,0,0.0,0.0,0,0,0.24,17.4
2007,12,0,80,20,9,0.2222222222222222,0.7,2,0.0,0.2,0,0,0.2054794520547945,17.6
2007,13,0,80,20,14,0.42857142857142855,0.8,0,0.0,0.0,0,0,0.16666666666666666,16.0
2007,14,0,82,18,11,0.2727272727272727,0.8,0,0.0,0.0,0,0,0.1891891891891892,16.7
2007,15,0,75,25,9,0.0,0.9,0,0.0,0.0,0,0,0.10606060606060606,17.7
2007,16,0,83,17,10,0.1,0.9,0,0.0,0.0,0,0,0.16216216216216217,17.8
2007,17,0,89,11,12,0.25,0.9,0,0.0,0.0,0,0,0.2375,20.6
2007,18,0,81,19,10,0.2,0.8,0,0.0,0.0,0,0,0.125,19.0
2007,19,0,80,20,7,0.0,0.7,1,0.0,0.1,1,0,0.1780821917808219,17.1
